Workbook

Sheet Programacion
A1: Semana | B1: Dia | C1: Producto | D1: Codigo | E1: Turnos | F1: Amasijos x turno | G1: Kg x amasijo | H1: Kg mezcla total
A2: Semana 1 | B2: Lunes | C2: Bizcochos sabor queso 150gr | D2: A05 | E2: 2 | F2: 12 | G2: 50 | H2: =E2*F2*G2 -> 1200
A3: Semana 1 | B3: Lunes | C3: Bizcochos sabor queso free | D3: A06 | E3: 1 | F3: 12 | G3: 50 | H3: =E3*F3*G3 -> 600
A4: Semana 1 | B4: Martes | C4: Galletitas simil chocolina | D4: A03 | E4: 3 | F4: 12 | G4: 50 | H4: =E4*F4*G4 -> 1800
A5: Semana 1 | B5: Miercoles | C5: Galletita simil chocolina free | D5: A02 | E5: 1 | F5: 12 | G5: 50 | H5: =E5*F5*G5 -> 600
A6: Semana 1 | B6: Miercoles | C6: Pepas de batata | D6: A04 | E6: 2 | F6: 12 | G6: 50 | H6: =E6*F6*G6 -> 1200
A7: Semana 1 | B7: Jueves | C7: Pepas de batata | D7: A04 | E7: 3 | F7: 12 | G7: 50 | H7: =E7*F7*G7 -> 1800
A8: Semana 1 | B8: Viernes | C8: Pepas de batata | D8: A04 | E8: 3 | F8: 12 | G8: 50 | H8: =E8*F8*G8 -> 1800
A9: Semana 2 | B9: Lunes | C9: Polvorones | D9: A08 | E9: 3 | F9: 12 | G9: 50 | H9: =E9*F9*G9 -> 1800
A10: Semana 2 | B10: Martes | C10: Polvorones | D10: A08 | E10: 2 | F10: 12 | G10: 50 | H10: =E10*F10*G10 -> 1200
A11: Semana 2 | B11: Martes | C11: Polvorones free | D11: A07 | E11: 1 | F11: 12 | G11: 50 | H11: =E11*F11*G11 -> 600
A12: Semana 2 | B12: Miercoles | C12: Polvorones free | D12: A07 | E12: 1 | F12: 12 | G12: 50 | H12: =E12*F12*G12 -> 600
A13: Semana 2 | B13: Miercoles | C13: Galletitas con chip | D13: A01 | E13: 2 | F13: 12 | G13: 50 | H13: =E13*F13*G13 -> 1200
... A15: Semana 2 | B15: Viernes | C15: Galletitas con chip | D15: A01 | E15: 3 | F15: 12 | G15: 50 | H15: =E15*F15*G15 -> 1800
A17: Mapeo confirmado por Bren: Polvorones=A08, Polvorones free=A07, Galletitas con chip=A01, Bizcochos sabor queso=A05, Bizcochos sabor queso free=A06.

Sheet Formulas
A1: Codigo | B1: Producto | C1: Ingrediente | D1: Porcentaje
A2: A01 | B2: Galletitas con chip (Chocolate con chips picante) | C2: FÉCULA DE MAÍZ | D2: 0.24645
A3: A01 | B3: Galletitas con chip (Chocolate con chips picante) | C3: HARINA DE ARROZ | D3: 0.1674
A4: A01 | B4: Galletitas con chip (Chocolate con chips picante) | C4: ACEITE VEGETAL INTERESTERIFICADO | D4: 0.1395
A5: A01 | B5: Galletitas con chip (Chocolate con chips picante) | C5: AZÚCAR | D5: 0.1302
A6: A01 | B6: Galletitas con chip (Chocolate con chips picante) | C6: CHIPS DE CHOCOLATE | D6: 0.0837
A7: A01 | B7: Galletitas con chip (Chocolate con chips picante) | C7: JARABE DE GLUCOSA | D7: 0.0558
A8: A01 | B8: Galletitas con chip (Chocolate con chips picante) | C8: CACAO ALCALINO | D8: 0.0372
A9: A01 | B9: Galletitas con chip (Chocolate con chips picante) | C9: HUEVO EN POLVO DESHIDRATADO | D9: 0.0186
A10: A01 | B10: Galletitas con chip (Chocolate con chips picante) | C10: MIEL | D10: 0.0186
A11: A01 | B11: Galletitas con chip (Chocolate con chips picante) | C11: GOMA XÁNTICA | D11: 0.00744
A12: A01 | B12: Galletitas con chip (Chocolate con chips picante) | C12: SAL | D12: 0.00465
A13: A01 | B13: Galletitas con chip (Chocolate con chips picante) | C13: BICARBONATO DE AMONIO | D13: 0.00465
... A163: B03 | B163: Budin con chips de chocolate | C163: SORBATO DE POTASIO | D163: 0.00178

Sheet Detalle_Consumo
A1: Semana | B1: Dia | C1: Producto | D1: Codigo | E1: Ingrediente | F1: Porcentaje | G1: Kg mezcla | H1: Kg consumido
A2: =Programacion!A2 -> Semana 1 | B2: =Programacion!B2 -> Lunes | C2: =Programacion!C2 -> Bizcochos sabor queso 150gr | D2: =Programacion!D2 -> A05 | E2: =Formulas!C63 -> HARINA DE ARROZ | F2: =Formulas!D63 -> 0.2325 | G2: =Programacion!H2 -> 1200 | H2: =F2*G2 -> 279
A3: =Programacion!A2 -> Semana 1 | B3: =Programacion!B2 -> Lunes | C3: =Programacion!C2 -> Bizcochos sabor queso 150gr | D3: =Programacion!D2 -> A05 | E3: =Formulas!C64 -> FÉCULA DE MAÍZ | F3: =Formulas!D64 -> 0.1767 | G3: =Programacion!H2 -> 1200 | H3: =F3*G3 -> 212.04
A4: =Programacion!A2 -> Semana 1 | B4: =Programacion!B2 -> Lunes | C4: =Programacion!C2 -> Bizcochos sabor queso 150gr | D4: =Programacion!D2 -> A05 | E4: =Formulas!C65 -> FÉCULA DE MANDIOCA | F4: =Formulas!D65 -> 0.1395 | G4: =Programacion!H2 -> 1200 | H4: =F4*G4 -> 167.4
A5: =Programacion!A2 -> Semana 1 | B5: =Programacion!B2 -> Lunes | C5: =Programacion!C2 -> Bizcochos sabor queso 150gr | D5: =Programacion!D2 -> A05 | E5: =Formulas!C66 -> QUESO DESCREMADO EN POLVO | F5: =Formulas!D66 -> 0.1209 | G5: =Programacion!H2 -> 1200 | H5: =F5*G5 -> 145.08
A6: =Programacion!A2 -> Semana 1 | B6: =Programacion!B2 -> Lunes | C6: =Programacion!C2 -> Bizcochos sabor queso 150gr | D6: =Programacion!D2 -> A05 | E6: =Formulas!C67 -> ACEITE DE GIRASOL ALTO OLEICO | F6: =Formulas!D67 -> 0.0744 | G6: =Programacion!H2 -> 1200 | H6: =F6*G6 -> 89.28
A7: =Programacion!A2 -> Semana 1 | B7: =Programacion!B2 -> Lunes | C7: =Programacion!C2 -> Bizcochos sabor queso 150gr | D7: =Programacion!D2 -> A05 | E7: =Formulas!C68 -> ACEITE VEGETAL INTERESTERIFICADO | F7: =Formulas!D68 -> 0.0558 | G7: =Programacion!H2 -> 1200 | H7: =F7*G7 -> 66.96
A8: =Programacion!A2 -> Semana 1 | B8: =Programacion!B2 -> Lunes | C8: =Programacion!C2 -> Bizcochos sabor queso 150gr | D8: =Programacion!D2 -> A05 | E8: =Formulas!C69 -> CLARA DE HUEVO EN POLVO | F8: =Formulas!D69 -> 0.0465 | G8: =Programacion!H2 -> 1200 | H8: =F8*G8 -> 55.8
A9: =Programacion!A2 -> Semana 1 | B9: =Programacion!B2 -> Lunes | C9: =Programacion!C2 -> Bizcochos sabor queso 150gr | D9: =Programacion!D2 -> A05 | E9: =Formulas!C70 -> DEXTROSA | F9: =Formulas!D70 -> 0.0372 | G9: =Programacion!H2 -> 1200 | H9: =F9*G9 -> 44.64
A10: =Programacion!A2 -> Semana 1 | B10: =Programacion!B2 -> Lunes | C10: =Programacion!C2 -> Bizcochos sabor queso 150gr | D10: =Programacion!D2 -> A05 | E10: =Formulas!C71 -> SAL | F10: =Formulas!D71 -> 0.01395 | G10: =Programacion!H2 -> 1200 | H10: =F10*G10 -> 16.74
A11: =Programacion!A2 -> Semana 1 | B11: =Programacion!B2 -> Lunes | C11: =Programacion!C2 -> Bizcochos sabor queso 150gr | D11: =Programacion!D2 -> A05 | E11: =Formulas!C72 -> ESENCIA DE QUESO | F11: =Formulas!D72 -> 0.0093 | G11: =Programacion!H2 -> 1200 | H11: =F11*G11 -> 11.16
A12: =Programacion!A2 -> Semana 1 | B12: =Programacion!B2 -> Lunes | C12: =Programacion!C2 -> Bizcochos sabor queso 150gr | D12: =Programacion!D2 -> A05 | E12: =Formulas!C73 -> GOMA XÁNTICA | F12: =Formulas!D73 -> 0.0093 | G12: =Programacion!H2 -> 1200 | H12: =F12*G12 -> 11.16
A13: =Programacion!A2 -> Semana 1 | B13: =Programacion!B2 -> Lunes | C13: =Programacion!C2 -> Bizcochos sabor queso 150gr | D13: =Programacion!D2 -> A05 | E13: =Formulas!C74 -> POLVO PARA HORNEAR | F13: =Formulas!D74 -> 0.0093 | G13: =Programacion!H2 -> 1200 | H13: =F13*G13 -> 11.16
A14: =Programacion!A2 -> Semana 1 | B14: =Programacion!B2 -> Lunes | C14: =Programacion!C2 -> Bizcochos sabor queso 150gr | D14: =Programacion!D2 -> A05 | E14: =Formulas!C75 -> BICARBONATO DE SODIO | F14: =Formulas!D75 -> 0.00465 | G14: =Programacion!H2 -> 1200 | H14: =F14*G14 -> 5.58
A15: =Programacion!A2 -> Semana 1 | B15: =Programacion!B2 -> Lunes | C15: =Programacion!C2 -> Bizcochos sabor queso 150gr | D15: =Programacion!D2 -> A05 | E15: =Formulas!C76 -> AGUA | F15: =Formulas!D76 -> 0.07 | G15: =Programacion!H2 -> 1200 | H15: =F15*G15 -> 84
A16: =Programacion!A3 -> Semana 1 | B16: =Programacion!B3 -> Lunes | C16: =Programacion!C3 -> Bizcochos sabor queso free | D16: =Programacion!D3 -> A06 | E16: =Formulas!C77 -> HARINA DE ARROZ | F16: =Formulas!D77 -> 0.2325 | G16: =Programacion!H3 -> 600 | H16: =F16*G16 -> 139.5
A17: =Programacion!A3 -> Semana 1 | B17: =Programacion!B3 -> Lunes | C17: =Programacion!C3 -> Bizcochos sabor queso free | D17: =Programacion!D3 -> A06 | E17: =Formulas!C78 -> FÉCULA DE MAÍZ | F17: =Formulas!D78 -> 0.1767 | G17: =Programacion!H3 -> 600 | H17: =F17*G17 -> 106.02
A18: =Programacion!A3 -> Semana 1 | B18: =Programacion!B3 -> Lunes | C18: =Programacion!C3 -> Bizcochos sabor queso free | D18: =Programacion!D3 -> A06 | E18: =Formulas!C79 -> FÉCULA DE MANDIOCA | F18: =Formulas!D79 -> 0.1302 | G18: =Programacion!H3 -> 600 | H18: =F18*G18 -> 78.12
A19: =Programacion!A3 -> Semana 1 | B19: =Programacion!B3 -> Lunes | C19: =Programacion!C3 -> Bizcochos sabor queso free | D19: =Programacion!D3 -> A06 | E19: =Formulas!C80 -> QUESO RALLADO | F19: =Formulas!D80 -> 0.1116 | G19: =Programacion!H3 -> 600 | H19: =F19*G19 -> 66.96
A20: =Programacion!A3 -> Semana 1 | B20: =Programacion!B3 -> Lunes | C20: =Programacion!C3 -> Bizcochos sabor queso free | D20: =Programacion!D3 -> A06 | E20: =Formulas!C81 -> GRASA VACUNA | F20: =Formulas!D81 -> 0.093 | G20: =Programacion!H3 -> 600 | H20: =F20*G20 -> 55.8
A21: =Programacion!A3 -> Semana 1 | B21: =Programacion!B3 -> Lunes | C21: =Programacion!C3 -> Bizcochos sabor queso free | D21: =Programacion!D3 -> A06 | E21: =Formulas!C82 -> ACEITE DE GIRASOL ALTO OLEICO | F21: =Formulas!D82 -> 0.0558 | G21: =Programacion!H3 -> 600 | H21: =F21*G21 -> 33.48
A22: =Programacion!A3 -> Semana 1 | B22: =Programacion!B3 -> Lunes | C22: =Programacion!C3 -> Bizcochos sabor queso free | D22: =Programacion!D3 -> A06 | E22: =Formulas!C83 -> HUEVO EN POLVO DESHIDRATADO | F22: =Formulas!D83 -> 0.0465 | G22: =Programacion!H3 -> 600 | H22: =F22*G22 -> 27.9
A23: =Programacion!A3 -> Semana 1 | B23: =Programacion!B3 -> Lunes | C23: =Programacion!C3 -> Bizcochos sabor queso free | D23: =Programacion!D3 -> A06 | E23: =Formulas!C84 -> DEXTROSA | F23: =Formulas!D84 -> 0.0372 | G23: =Programacion!H3 -> 600 | H23: =F23*G23 -> 22.32
A24: =Programacion!A3 -> Semana 1 | B24: =Programacion!B3 -> Lunes | C24: =Programacion!C3 -> Bizcochos sabor queso free | D24: =Programacion!D3 -> A06 | E24: =Formulas!C85 -> SAL | F24: =Formulas!D85 -> 0.01395 | G24: =Programacion!H3 -> 600 | H24: =F24*G24 -> 8.37
A25: =Programacion!A3 -> Semana 1 | B25: =Programacion!B3 -> Lunes | C25: =Programacion!C3 -> Bizcochos sabor queso free | D25: =Programacion!D3 -> A06 | E25: =Formulas!C86 -> ESENCIA DE QUESO | F25: =Formulas!D86 -> 0.0093 | G25: =Programacion!H3 -> 600 | H25: =F25*G25 -> 5.58
A26: =Programacion!A3 -> Semana 1 | B26: =Programacion!B3 -> Lunes | C26: =Programacion!C3 -> Bizcochos sabor queso free | D26: =Programacion!D3 -> A06 | E26: =Formulas!C87 -> GOMA XÁNTICA | F26: =Formulas!D87 -> 0.0093 | G26: =Programacion!H3 -> 600 | H26: =F26*G26 -> 5.58
A27: =Programacion!A3 -> Semana 1 | B27: =Programacion!B3 -> Lunes | C27: =Programacion!C3 -> Bizcochos sabor queso free | D27: =Programacion!D3 -> A06 | E27: =Formulas!C88 -> POLVO PARA HORNEAR | F27: =Formulas!D88 -> 0.0093 | G27: =Programacion!H3 -> 600 | H27: =F27*G27 -> 5.58
A28: =Programacion!A3 -> Semana 1 | B28: =Programacion!B3 -> Lunes | C28: =Programacion!C3 -> Bizcochos sabor queso free | D28: =Programacion!D3 -> A06 | E28: =Formulas!C89 -> BICARBONATO DE SODIO | F28: =Formulas!D89 -> 0.00465 | G28: =Programacion!H3 -> 600 | H28: =F28*G28 -> 2.79
A29: =Programacion!A3 -> Semana 1 | B29: =Programacion!B3 -> Lunes | C29: =Programacion!C3 -> Bizcochos sabor queso free | D29: =Programacion!D3 -> A06 | E29: =Formulas!C90 -> AGUA | F29: =Formulas!D90 -> 0.07 | G29: =Programacion!H3 -> 600 | H29: =F29*G29 -> 42
A30: =Programacion!A4 -> Semana 1 | B30: =Programacion!B4 -> Martes | C30: =Programacion!C4 -> Galletitas simil chocolina | D30: =Programacion!D4 -> A03 | E30: =Formulas!C35 -> HARINA DE ARROZ | F30: =Formulas!D35 -> 0.2511 | G30: =Programacion!H4 -> 1800 | H30: =F30*G30 -> 451.98
A31: =Programacion!A4 -> Semana 1 | B31: =Programacion!B4 -> Martes | C31: =Programacion!C4 -> Galletitas simil chocolina | D31: =Programacion!D4 -> A03 | E31: =Formulas!C36 -> FÉCULA DE MAÍZ | F31: =Formulas!D36 -> 0.2046 | G31: =Programacion!H4 -> 1800 | H31: =F31*G31 -> 368.28
A32: =Programacion!A4 -> Semana 1 | B32: =Programacion!B4 -> Martes | C32: =Programacion!C4 -> Galletitas simil chocolina | D32: =Programacion!D4 -> A03 | E32: =Formulas!C37 -> AZÚCAR | F32: =Formulas!D37 -> 0.1674 | G32: =Programacion!H4 -> 1800 | H32: =F32*G32 -> 301.32
A33: =Programacion!A4 -> Semana 1 | B33: =Programacion!B4 -> Martes | C33: =Programacion!C4 -> Galletitas simil chocolina | D33: =Programacion!D4 -> A03 | E33: =Formulas!C38 -> ACEITE VEGETAL INTERESTERIFICADO | F33: =Formulas!D38 -> 0.1302 | G33: =Programacion!H4 -> 1800 | H33: =F33*G33 -> 234.36
A34: =Programacion!A4 -> Semana 1 | B34: =Programacion!B4 -> Martes | C34: =Programacion!C4 -> Galletitas simil chocolina | D34: =Programacion!D4 -> A03 | E34: =Formulas!C39 -> CACAO ALCALINO | F34: =Formulas!D39 -> 0.0558 | G34: =Programacion!H4 -> 1800 | H34: =F34*G34 -> 100.44
A35: =Programacion!A4 -> Semana 1 | B35: =Programacion!B4 -> Martes | C35: =Programacion!C4 -> Galletitas simil chocolina | D35: =Programacion!D4 -> A03 | E35: =Formulas!C40 -> LECHE EN POLVO | F35: =Formulas!D40 -> 0.0558 | G35: =Programacion!H4 -> 1800 | H35: =F35*G35 -> 100.44
A36: =Programacion!A4 -> Semana 1 | B36: =Programacion!B4 -> Martes | C36: =Programacion!C4 -> Galletitas simil chocolina | D36: =Programacion!D4 -> A03 | E36: =Formulas!C41 -> HUEVO EN POLVO DESHIDRATADO | F36: =Formulas!D41 -> 0.0372 | G36: =Programacion!H4 -> 1800 | H36: =F36*G36 -> 66.96
A37: =Programacion!A4 -> Semana 1 | B37: =Programacion!B4 -> Martes | C37: =Programacion!C4 -> Galletitas simil chocolina | D37: =Programacion!D4 -> A03 | E37: =Formulas!C42 -> GOMA XÁNTICA | F37: =Formulas!D42 -> 0.0093 | G37: =Programacion!H4 -> 1800 | H37: =F37*G37 -> 16.74
A38: =Programacion!A4 -> Semana 1 | B38: =Programacion!B4 -> Martes | C38: =Programacion!C4 -> Galletitas simil chocolina | D38: =Programacion!D4 -> A03 | E38: =Formulas!C43 -> BICARBONATO DE SODIO | F38: =Formulas!D43 -> 0.00744 | G38: =Programacion!H4 -> 1800 | H38: =F38*G38 -> 13.392
A39: =Programacion!A4 -> Semana 1 | B39: =Programacion!B4 -> Martes | C39: =Programacion!C4 -> Galletitas simil chocolina | D39: =Programacion!D4 -> A03 | E39: =Formulas!C44 -> BICARBONATO DE CALCIO | F39: =Formulas!D44 -> 0.00744 | G39: =Programacion!H4 -> 1800 | H39: =F39*G39 -> 13.392
A40: =Programacion!A4 -> Semana 1 | B40: =Programacion!B4 -> Martes | C40: =Programacion!C4 -> Galletitas simil chocolina | D40: =Programacion!D4 -> A03 | E40: =Formulas!C45 -> ESENCIA DE CHOCOLATE | F40: =Formulas!D45 -> 0.00372 | G40: =Programacion!H4 -> 1800 | H40: =F40*G40 -> 6.696
A41: =Programacion!A4 -> Semana 1 | B41: =Programacion!B4 -> Martes | C41: =Programacion!C4 -> Galletitas simil chocolina | D41: =Programacion!D4 -> A03 | E41: =Formulas!C46 -> AGUA | F41: =Formulas!D46 -> 0.07 | G41: =Programacion!H4 -> 1800 | H41: =F41*G41 -> 126
A42: =Programacion!A5 -> Semana 1 | B42: =Programacion!B5 -> Miercoles | C42: =Programacion!C5 -> Galletita simil chocolina free | D42: =Programacion!D5 -> A02 | E42: =Formulas!C20 -> HARINA DE ARROZ | F42: =Formulas!D20 -> 0.2511 | G42: =Programacion!H5 -> 600 | H42: =F42*G42 -> 150.66
A43: =Programacion!A5 -> Semana 1 | B43: =Programacion!B5 -> Miercoles | C43: =Programacion!C5 -> Galletita simil chocolina free | D43: =Programacion!D5 -> A02 | E43: =Formulas!C21 -> FÉCULA DE MAÍZ | F43: =Formulas!D21 -> 0.2232 | G43: =Programacion!H5 -> 600 | H43: =F43*G43 -> 133.92
A44: =Programacion!A5 -> Semana 1 | B44: =Programacion!B5 -> Miercoles | C44: =Programacion!C5 -> Galletita simil chocolina free | D44: =Programacion!D5 -> A02 | E44: =Formulas!C22 -> ACEITE VEGETAL INTERESTERIFICADO | F44: =Formulas!D22 -> 0.1302 | G44: =Programacion!H5 -> 600 | H44: =F44*G44 -> 78.12
A45: =Programacion!A5 -> Semana 1 | B45: =Programacion!B5 -> Miercoles | C45: =Programacion!C5 -> Galletita simil chocolina free | D45: =Programacion!D5 -> A02 | E45: =Formulas!C23 -> PASTA DE PASAS DE UVA | F45: =Formulas!D23 -> 0.1209 | G45: =Programacion!H5 -> 600 | H45: =F45*G45 -> 72.54
A46: =Programacion!A5 -> Semana 1 | B46: =Programacion!B5 -> Miercoles | C46: =Programacion!C5 -> Galletita simil chocolina free | D46: =Programacion!D5 -> A02 | E46: =Formulas!C24 -> CACAO ALCALINO | F46: =Formulas!D24 -> 0.0558 | G46: =Programacion!H5 -> 600 | H46: =F46*G46 -> 33.48
A47: =Programacion!A5 -> Semana 1 | B47: =Programacion!B5 -> Miercoles | C47: =Programacion!C5 -> Galletita simil chocolina free | D47: =Programacion!D5 -> A02 | E47: =Formulas!C25 -> ACEITE DE COCO | F47: =Formulas!D25 -> 0.0465 | G47: =Programacion!H5 -> 600 | H47: =F47*G47 -> 27.9
A48: =Programacion!A5 -> Semana 1 | B48: =Programacion!B5 -> Miercoles | C48: =Programacion!C5 -> Galletita simil chocolina free | D48: =Programacion!D5 -> A02 | E48: =Formulas!C26 -> FIBRA DE BAMBÚ | F48: =Formulas!D26 -> 0.0372 | G48: =Programacion!H5 -> 600 | H48: =F48*G48 -> 22.32
A49: =Programacion!A5 -> Semana 1 | B49: =Programacion!B5 -> Miercoles | C49: =Programacion!C5 -> Galletita simil chocolina free | D49: =Programacion!D5 -> A02 | E49: =Formulas!C27 -> PSYLLIUM | F49: =Formulas!D27 -> 0.0279 | G49: =Programacion!H5 -> 600 | H49: =F49*G49 -> 16.74
A50: =Programacion!A5 -> Semana 1 | B50: =Programacion!B5 -> Miercoles | C50: =Programacion!C5 -> Galletita simil chocolina free | D50: =Programacion!D5 -> A02 | E50: =Formulas!C28 -> EDULCORANTE | F50: =Formulas!D28 -> 0.01395 | G50: =Programacion!H5 -> 600 | H50: =F50*G50 -> 8.37
A51: =Programacion!A5 -> Semana 1 | B51: =Programacion!B5 -> Miercoles | C51: =Programacion!C5 -> Galletita simil chocolina free | D51: =Programacion!D5 -> A02 | E51: =Formulas!C29 -> GOMA XÁNTICA | F51: =Formulas!D29 -> 0.0093 | G51: =Programacion!H5 -> 600 | H51: =F51*G51 -> 5.58
A52: =Programacion!A5 -> Semana 1 | B52: =Programacion!B5 -> Miercoles | C52: =Programacion!C5 -> Galletita simil chocolina free | D52: =Programacion!D5 -> A02 | E52: =Formulas!C30 -> BICARBONATO DE SODIO | F52: =Formulas!D30 -> 0.00465 | G52: =Programacion!H5 -> 600 | H52: =F52*G52 -> 2.79
A53: =Programacion!A5 -> Semana 1 | B53: =Programacion!B5 -> Miercoles | C53: =Programacion!C5 -> Galletita simil chocolina free | D53: =Programacion!D5 -> A02 | E53: =Formulas!C31 -> SAL | F53: =Formulas!D31 -> 0.00372 | G53: =Programacion!H5 -> 600 | H53: =F53*G53 -> 2.232
A54: =Programacion!A5 -> Semana 1 | B54: =Programacion!B5 -> Miercoles | C54: =Programacion!C5 -> Galletita simil chocolina free | D54: =Programacion!D5 -> A02 | E54: =Formulas!C32 -> ESENCIA DE CHOCOLATE | F54: =Formulas!D32 -> 0.00279 | G54: =Programacion!H5 -> 600 | H54: =F54*G54 -> 1.674
A55: =Programacion!A5 -> Semana 1 | B55: =Programacion!B5 -> Miercoles | C55: =Programacion!C5 -> Galletita simil chocolina free | D55: =Programacion!D5 -> A02 | E55: =Formulas!C33 -> BICARBONATO DE CALCIO | F55: =Formulas!D33 -> 0.00279 | G55: =Programacion!H5 -> 600 | H55: =F55*G55 -> 1.674
A56: =Programacion!A5 -> Semana 1 | B56: =Programacion!B5 -> Miercoles | C56: =Programacion!C5 -> Galletita simil chocolina free | D56: =Programacion!D5 -> A02 | E56: =Formulas!C34 -> AGUA | F56: =Formulas!D34 -> 0.07 | G56: =Programacion!H5 -> 600 | H56: =F56*G56 -> 42
A57: =Programacion!A6 -> Semana 1 | B57: =Programacion!B6 -> Miercoles | C57: =Programacion!C6 -> Pepas de batata | D57: =Programacion!D6 -> A04 | E57: =Formulas!C47 -> FÉCULA DE MAÍZ | F57: =Formulas!D47 -> 0.190836 | G57: =Programacion!H6 -> 1200 | H57: =F57*G57 -> 229.0032
A58: =Programacion!A6 -> Semana 1 | B58: =Programacion!B6 -> Miercoles | C58: =Programacion!C6 -> Pepas de batata | D58: =Programacion!D6 -> A04 | E58: =Formulas!C48 -> HARINA DE ARROZ | F58: =Formulas!D48 -> 0.127224 | G58: =Programacion!H6 -> 1200 | H58: =F58*G58 -> 152.6688
A59: =Programacion!A6 -> Semana 1 | B59: =Programacion!B6 -> Miercoles | C59: =Programacion!C6 -> Pepas de batata | D59: =Programacion!D6 -> A04 | E59: =Formulas!C49 -> ACEITE VEGETAL INTERESTERIFICADO | F59: =Formulas!D49 -> 0.103788 | G59: =Programacion!H6 -> 1200 | H59: =F59*G59 -> 124.5456
A60: =Programacion!A6 -> Semana 1 | B60: =Programacion!B6 -> Miercoles | C60: =Programacion!C6 -> Pepas de batata | D60: =Programacion!D6 -> A04 | E60: =Formulas!C50 -> AZÚCAR | F60: =Formulas!D50 -> 0.093744 | G60: =Programacion!H6 -> 1200 | H60: =F60*G60 -> 112.4928
A61: =Programacion!A6 -> Semana 1 | B61: =Programacion!B6 -> Miercoles | C61: =Programacion!C6 -> Pepas de batata | D61: =Programacion!D6 -> A04 | E61: =Formulas!C51 -> JARABE DE MAÍZ ALTA FRUCTOSA | F61: =Formulas!D51 -> 0.073656 | G61: =Programacion!H6 -> 1200 | H61: =F61*G61 -> 88.3872
A62: =Programacion!A6 -> Semana 1 | B62: =Programacion!B6 -> Miercoles | C62: =Programacion!C6 -> Pepas de batata | D62: =Programacion!D6 -> A04 | E62: =Formulas!C52 -> JARABE DE GLUCOSA | F62: =Formulas!D52 -> 0.040176 | G62: =Programacion!H6 -> 1200 | H62: =F62*G62 -> 48.2112
A63: =Programacion!A6 -> Semana 1 | B63: =Programacion!B6 -> Miercoles | C63: =Programacion!C6 -> Pepas de batata | D63: =Programacion!D6 -> A04 | E63: =Formulas!C53 -> CACAO ALCALINO | F63: =Formulas!D53 -> 0.030132 | G63: =Programacion!H6 -> 1200 | H63: =F63*G63 -> 36.1584
A64: =Programacion!A6 -> Semana 1 | B64: =Programacion!B6 -> Miercoles | C64: =Programacion!C6 -> Pepas de batata | D64: =Programacion!D6 -> A04 | E64: =Formulas!C54 -> LECITINA DE SOJA | F64: =Formulas!D54 -> 0.003348 | G64: =Programacion!H6 -> 1200 | H64: =F64*G64 -> 4.0176
A65: =Programacion!A6 -> Semana 1 | B65: =Programacion!B6 -> Miercoles | C65: =Programacion!C6 -> Pepas de batata | D65: =Programacion!D6 -> A04 | E65: =Formulas!C55 -> ESENCIA DE LECHE CONDENSADA | F65: =Formulas!D55 -> 0.0026784 | G65: =Programacion!H6 -> 1200 | H65: =F65*G65 -> 3.21408
A66: =Programacion!A6 -> Semana 1 | B66: =Programacion!B6 -> Miercoles | C66: =Programacion!C6 -> Pepas de batata | D66: =Programacion!D6 -> A04 | E66: =Formulas!C56 -> GOMA XÁNTICA | F66: =Formulas!D56 -> 0.0040176 | G66: =Programacion!H6 -> 1200 | H66: =F66*G66 -> 4.82112
A67: =Programacion!A6 -> Semana 1 | B67: =Programacion!B6 -> Miercoles | C67: =Programacion!C6 -> Pepas de batata | D67: =Programacion!D6 -> A04 | E67: =Formulas!C57 -> MERMELADA DE BATATA | F67: =Formulas!D57 -> 0.18228 | G67: =Programacion!H6 -> 1200 | H67: =F67*G67 -> 218.736
A68: =Programacion!A6 -> Semana 1 | B68: =Programacion!B6 -> Miercoles | C68: =Programacion!C6 -> Pepas de batata | D68: =Programacion!D6 -> A04 | E68: =Formulas!C58 -> AZÚCAR | F68: =Formulas!D58 -> 0.049476 | G68: =Programacion!H6 -> 1200 | H68: =F68*G68 -> 59.3712
A69: =Programacion!A6 -> Semana 1 | B69: =Programacion!B6 -> Miercoles | C69: =Programacion!C6 -> Pepas de batata | D69: =Programacion!D6 -> A04 | E69: =Formulas!C59 -> FÉCULA DE MAÍZ | F69: =Formulas!D59 -> 0.02604 | G69: =Programacion!H6 -> 1200 | H69: =F69*G69 -> 31.248
A70: =Programacion!A6 -> Semana 1 | B70: =Programacion!B6 -> Miercoles | C70: =Programacion!C6 -> Pepas de batata | D70: =Programacion!D6 -> A04 | E70: =Formulas!C60 -> ESENCIA DE VAINILLA | F70: =Formulas!D60 -> 0.001302 | G70: =Programacion!H6 -> 1200 | H70: =F70*G70 -> 1.5624
A71: =Programacion!A6 -> Semana 1 | B71: =Programacion!B6 -> Miercoles | C71: =Programacion!C6 -> Pepas de batata | D71: =Programacion!D6 -> A04 | E71: =Formulas!C61 -> ÁCIDO CÍTRICO | F71: =Formulas!D61 -> 0.001302 | G71: =Programacion!H6 -> 1200 | H71: =F71*G71 -> 1.5624
A72: =Programacion!A6 -> Semana 1 | B72: =Programacion!B6 -> Miercoles | C72: =Programacion!C6 -> Pepas de batata | D72: =Programacion!D6 -> A04 | E72: =Formulas!C62 -> AGUA | F72: =Formulas!D62 -> 0.07 | G72: =Programacion!H6 -> 1200 | H72: =F72*G72 -> 84
A73: =Programacion!A7 -> Semana 1 | B73: =Programacion!B7 -> Jueves | C73: =Programacion!C7 -> Pepas de batata | D73: =Programacion!D7 -> A04 | E73: =Formulas!C47 -> FÉCULA DE MAÍZ | F73: =Formulas!D47 -> 0.190836 | G73: =Programacion!H7 -> 1800 | H73: =F73*G73 -> 343.5048
A74: =Programacion!A7 -> Semana 1 | B74: =Programacion!B7 -> Jueves | C74: =Programacion!C7 -> Pepas de batata | D74: =Programacion!D7 -> A04 | E74: =Formulas!C48 -> HARINA DE ARROZ | F74: =Formulas!D48 -> 0.127224 | G74: =Programacion!H7 -> 1800 | H74: =F74*G74 -> 229.0032
A75: =Programacion!A7 -> Semana 1 | B75: =Programacion!B7 -> Jueves | C75: =Programacion!C7 -> Pepas de batata | D75: =Programacion!D7 -> A04 | E75: =Formulas!C49 -> ACEITE VEGETAL INTERESTERIFICADO | F75: =Formulas!D49 -> 0.103788 | G75: =Programacion!H7 -> 1800 | H75: =F75*G75 -> 186.8184
A76: =Programacion!A7 -> Semana 1 | B76: =Programacion!B7 -> Jueves | C76: =Programacion!C7 -> Pepas de batata | D76: =Programacion!D7 -> A04 | E76: =Formulas!C50 -> AZÚCAR | F76: =Formulas!D50 -> 0.093744 | G76: =Programacion!H7 -> 1800 | H76: =F76*G76 -> 168.7392
A77: =Programacion!A7 -> Semana 1 | B77: =Programacion!B7 -> Jueves | C77: =Programacion!C7 -> Pepas de batata | D77: =Programacion!D7 -> A04 | E77: =Formulas!C51 -> JARABE DE MAÍZ ALTA FRUCTOSA | F77: =Formulas!D51 -> 0.073656 | G77: =Programacion!H7 -> 1800 | H77: =F77*G77 -> 132.5808
A78: =Programacion!A7 -> Semana 1 | B78: =Programacion!B7 -> Jueves | C78: =Programacion!C7 -> Pepas de batata | D78: =Programacion!D7 -> A04 | E78: =Formulas!C52 -> JARABE DE GLUCOSA | F78: =Formulas!D52 -> 0.040176 | G78: =Programacion!H7 -> 1800 | H78: =F78*G78 -> 72.3168
A79: =Programacion!A7 -> Semana 1 | B79: =Programacion!B7 -> Jueves | C79: =Programacion!C7 -> Pepas de batata | D79: =Programacion!D7 -> A04 | E79: =Formulas!C53 -> CACAO ALCALINO | F79: =Formulas!D53 -> 0.030132 | G79: =Programacion!H7 -> 1800 | H79: =F79*G79 -> 54.2376
A80: =Programacion!A7 -> Semana 1 | B80: =Programacion!B7 -> Jueves | C80: =Programacion!C7 -> Pepas de batata | D80: =Programacion!D7 -> A04 | E80: =Formulas!C54 -> LECITINA DE SOJA | F80: =Formulas!D54 -> 0.003348 | G80: =Programacion!H7 -> 1800 | H80: =F80*G80 -> 6.0264
A81: =Programacion!A7 -> Semana 1 | B81: =Programacion!B7 -> Jueves | C81: =Programacion!C7 -> Pepas de batata | D81: =Programacion!D7 -> A04 | E81: =Formulas!C55 -> ESENCIA DE LECHE CONDENSADA | F81: =Formulas!D55 -> 0.0026784 | G81: =Programacion!H7 -> 1800 | H81: =F81*G81 -> 4.82112
A82: =Programacion!A7 -> Semana 1 | B82: =Programacion!B7 -> Jueves | C82: =Programacion!C7 -> Pepas de batata | D82: =Programacion!D7 -> A04 | E82: =Formulas!C56 -> GOMA XÁNTICA | F82: =Formulas!D56 -> 0.0040176 | G82: =Programacion!H7 -> 1800 | H82: =F82*G82 -> 7.23168
A83: =Programacion!A7 -> Semana 1 | B83: =Programacion!B7 -> Jueves | C83: =Programacion!C7 -> Pepas de batata | D83: =Programacion!D7 -> A04 | E83: =Formulas!C57 -> MERMELADA DE BATATA | F83: =Formulas!D57 -> 0.18228 | G83: =Programacion!H7 -> 1800 | H83: =F83*G83 -> 328.104
A84: =Programacion!A7 -> Semana 1 | B84: =Programacion!B7 -> Jueves | C84: =Programacion!C7 -> Pepas de batata | D84: =Programacion!D7 -> A04 | E84: =Formulas!C58 -> AZÚCAR | F84: =Formulas!D58 -> 0.049476 | G84: =Programacion!H7 -> 1800 | H84: =F84*G84 -> 89.0568
A85: =Programacion!A7 -> Semana 1 | B85: =Programacion!B7 -> Jueves | C85: =Programacion!C7 -> Pepas de batata | D85: =Programacion!D7 -> A04 | E85: =Formulas!C59 -> FÉCULA DE MAÍZ | F85: =Formulas!D59 -> 0.02604 | G85: =Programacion!H7 -> 1800 | H85: =F85*G85 -> 46.872
A86: =Programacion!A7 -> Semana 1 | B86: =Programacion!B7 -> Jueves | C86: =Programacion!C7 -> Pepas de batata | D86: =Programacion!D7 -> A04 | E86: =Formulas!C60 -> ESENCIA DE VAINILLA | F86: =Formulas!D60 -> 0.001302 | G86: =Programacion!H7 -> 1800 | H86: =F86*G86 -> 2.3436
A87: =Programacion!A7 -> Semana 1 | B87: =Programacion!B7 -> Jueves | C87: =Programacion!C7 -> Pepas de batata | D87: =Programacion!D7 -> A04 | E87: =Formulas!C61 -> ÁCIDO CÍTRICO | F87: =Formulas!D61 -> 0.001302 | G87: =Programacion!H7 -> 1800 | H87: =F87*G87 -> 2.3436
A88: =Programacion!A7 -> Semana 1 | B88: =Programacion!B7 -> Jueves | C88: =Programacion!C7 -> Pepas de batata | D88: =Programacion!D7 -> A04 | E88: =Formulas!C62 -> AGUA | F88: =Formulas!D62 -> 0.07 | G88: =Programacion!H7 -> 1800 | H88: =F88*G88 -> 126
A89: =Programacion!A8 -> Semana 1 | B89: =Programacion!B8 -> Viernes | C89: =Programacion!C8 -> Pepas de batata | D89: =Programacion!D8 -> A04 | E89: =Formulas!C47 -> FÉCULA DE MAÍZ | F89: =Formulas!D47 -> 0.190836 | G89: =Programacion!H8 -> 1800 | H89: =F89*G89 -> 343.5048
A90: =Programacion!A8 -> Semana 1 | B90: =Programacion!B8 -> Viernes | C90: =Programacion!C8 -> Pepas de batata | D90: =Programacion!D8 -> A04 | E90: =Formulas!C48 -> HARINA DE ARROZ | F90: =Formulas!D48 -> 0.127224 | G90: =Programacion!H8 -> 1800 | H90: =F90*G90 -> 229.0032
A91: =Programacion!A8 -> Semana 1 | B91: =Programacion!B8 -> Viernes | C91: =Programacion!C8 -> Pepas de batata | D91: =Programacion!D8 -> A04 | E91: =Formulas!C49 -> ACEITE VEGETAL INTERESTERIFICADO | F91: =Formulas!D49 -> 0.103788 | G91: =Programacion!H8 -> 1800 | H91: =F91*G91 -> 186.8184
A92: =Programacion!A8 -> Semana 1 | B92: =Programacion!B8 -> Viernes | C92: =Programacion!C8 -> Pepas de batata | D92: =Programacion!D8 -> A04 | E92: =Formulas!C50 -> AZÚCAR | F92: =Formulas!D50 -> 0.093744 | G92: =Programacion!H8 -> 1800 | H92: =F92*G92 -> 168.7392
A93: =Programacion!A8 -> Semana 1 | B93: =Programacion!B8 -> Viernes | C93: =Programacion!C8 -> Pepas de batata | D93: =Programacion!D8 -> A04 | E93: =Formulas!C51 -> JARABE DE MAÍZ ALTA FRUCTOSA | F93: =Formulas!D51 -> 0.073656 | G93: =Programacion!H8 -> 1800 | H93: =F93*G93 -> 132.5808
A94: =Programacion!A8 -> Semana 1 | B94: =Programacion!B8 -> Viernes | C94: =Programacion!C8 -> Pepas de batata | D94: =Programacion!D8 -> A04 | E94: =Formulas!C52 -> JARABE DE GLUCOSA | F94: =Formulas!D52 -> 0.040176 | G94: =Programacion!H8 -> 1800 | H94: =F94*G94 -> 72.3168
A95: =Programacion!A8 -> Semana 1 | B95: =Programacion!B8 -> Viernes | C95: =Programacion!C8 -> Pepas de batata | D95: =Programacion!D8 -> A04 | E95: =Formulas!C53 -> CACAO ALCALINO | F95: =Formulas!D53 -> 0.030132 | G95: =Programacion!H8 -> 1800 | H95: =F95*G95 -> 54.2376
A96: =Programacion!A8 -> Semana 1 | B96: =Programacion!B8 -> Viernes | C96: =Programacion!C8 -> Pepas de batata | D96: =Programacion!D8 -> A04 | E96: =Formulas!C54 -> LECITINA DE SOJA | F96: =Formulas!D54 -> 0.003348 | G96: =Programacion!H8 -> 1800 | H96: =F96*G96 -> 6.0264
A97: =Programacion!A8 -> Semana 1 | B97: =Programacion!B8 -> Viernes | C97: =Programacion!C8 -> Pepas de batata | D97: =Programacion!D8 -> A04 | E97: =Formulas!C55 -> ESENCIA DE LECHE CONDENSADA | F97: =Formulas!D55 -> 0.0026784 | G97: =Programacion!H8 -> 1800 | H97: =F97*G97 -> 4.82112
A98: =Programacion!A8 -> Semana 1 | B98: =Programacion!B8 -> Viernes | C98: =Programacion!C8 -> Pepas de batata | D98: =Programacion!D8 -> A04 | E98: =Formulas!C56 -> GOMA XÁNTICA | F98: =Formulas!D56 -> 0.0040176 | G98: =Programacion!H8 -> 1800 | H98: =F98*G98 -> 7.23168
A99: =Programacion!A8 -> Semana 1 | B99: =Programacion!B8 -> Viernes | C99: =Programacion!C8 -> Pepas de batata | D99: =Programacion!D8 -> A04 | E99: =Formulas!C57 -> MERMELADA DE BATATA | F99: =Formulas!D57 -> 0.18228 | G99: =Programacion!H8 -> 1800 | H99: =F99*G99 -> 328.104
A100: =Programacion!A8 -> Semana 1 | B100: =Programacion!B8 -> Viernes | C100: =Programacion!C8 -> Pepas de batata | D100: =Programacion!D8 -> A04 | E100: =Formulas!C58 -> AZÚCAR | F100: =Formulas!D58 -> 0.049476 | G100: =Programacion!H8 -> 1800 | H100: =F100*G100 -> 89.0568
...

Sheet Resumen_Semana1
A1: Materia Prima | B1: Lunes | C1: Martes | D1: Miercoles | E1: Jueves | F1: Viernes | G1: Total Semana 1 (kg)
A2: HARINA DE ARROZ | B2: =SUMIFS(Detalle_Consumo!$H:$H,Detalle_Consumo!$A:$A,"Semana 1",Detalle_Consumo!$B:$B,"Lunes",Detalle_Consumo!$E:$E,$A2) -> 418.5 | C2: =SUMIFS(Detalle_Consumo!$H:$H,Detalle_Consumo!$A:$A,"Semana 1",Detalle_Consumo!$B:$B,"Martes",Detalle_Consumo!$E:$E,$A2) -> 451.98 | D2: =SUMIFS(Detalle_Consumo!$H:$H,Detalle_Consumo!$A:$A,"Semana 1",Detalle_Consumo!$B:$B,"Miercoles",Detalle_Consumo!$E:$E,$A2) -> 303.3288 | E2: =SUMIFS(Detalle_Consumo!$H:$H,Detalle_Consumo!$A:$A,"Semana 1",Detalle_Consumo!$B:$B,"Jueves",Detalle_Consumo!$E:$E,$A2) -> 229.0032 | F2: =SUMIFS(Detalle_Consumo!$H:$H,Detalle_Consumo!$A:$A,"Semana 1",Detalle_Consumo!$B:$B,"Viernes",Detalle_Consumo!$E:$E,$A2) -> 229.0032 | G2: =SUM(B2:F2) -> 1631.8152
A3: FÉCULA DE MAÍZ | B3: =SUMIFS(Detalle_Consumo!$H:$H,Detalle_Consumo!$A:$A,"Semana 1",Detalle_Consumo!$B:$B,"Lunes",Detalle_Consumo!$E:$E,$A3) -> 318.06 | C3: =SUMIFS(Detalle_Consumo!$H:$H,Detalle_Consumo!$A:$A,"Semana 1",Detalle_Consumo!$B:$B,"Martes",Detalle_Consumo!$E:$E,$A3) -> 368.28 | D3: =SUMIFS(Detalle_Consumo!$H:$H,Detalle_Consumo!$A:$A,"Semana 1",Detalle_Consumo!$B:$B,"Miercoles",Detalle_Consumo!$E:$E,$A3) -> 394.1712 | E3: =SUMIFS(Detalle_Consumo!$H:$H,Detalle_Consumo!$A:$A,"Semana 1",Detalle_Consumo!$B:$B,"Jueves",Detalle_Consumo!$E:$E,$A3) -> 390.3768 | F3: =SUMIFS(Detalle_Consumo!$H:$H,Detalle_Consumo!$A:$A,"Semana 1",Detalle_Consumo!$B:$B,"Viernes",Detalle_Consumo!$E:$E,$A3) -> 390.3768 | G3: =SUM(B3:F3) -> 1861.2648
A4: FÉCULA DE MANDIOCA | B4: =SUMIFS(Detalle_Consumo!$H:$H,Detalle_Consumo!$A:$A,"Semana 1",Detalle_Consumo!$B:$B,"Lunes",Detalle_Consumo!$E:$E,$A4) -> 245.52 | C4: =SUMIFS(Detalle_Consumo!$H:$H,Detalle_Consumo!$A:$A,"Semana 1",Detalle_Consumo!$B:$B,"Martes",Detalle_Consumo!$E:$E,$A4) -> 0 | D4: =SUMIFS(Detalle_Consumo!$H:$H,Detalle_Consumo!$A:$A,"Semana 1",Detalle_Consumo!$B:$B,"Miercoles",Detalle_Consumo!$E:$E,$A4) -> 0 | E4: =SUMIFS(Detalle_Consumo!$H:$H,Detalle_Consumo!$A:$A,"Semana 1",Detalle_Consumo!$B:$B,"Jueves",Detalle_Consumo!$E:$E,$A4) -> 0 | F4: =SUMIFS(Detalle_Consumo!$H:$H,Detalle_Consumo!$A:$A,"Semana 1",Detalle_Consumo!$B:$B,"Viernes",Detalle_Consumo!$E:$E,$A4) -> 0 | G4: =SUM(B4:F4) -> 245.52
A5: QUESO DESCREMADO EN POLVO | B5: =SUMIFS(Detalle_Consumo!$H:$H,Detalle_Consumo!$A:$A,"Semana 1",Detalle_Consumo!$B:$B,"Lunes",Detalle_Consumo!$E:$E,$A5) -> 145.08 | C5: =SUMIFS(Detalle_Consumo!$H:$H,Detalle_Consumo!$A:$A,"Semana 1",Detalle_Consumo!$B:$B,"Martes",Detalle_Consumo!$E:$E,$A5) -> 0 | D5: =SUMIFS(Detalle_Consumo!$H:$H,Detalle_Consumo!$A:$A,"Semana 1",Detalle_Consumo!$B:$B,"Miercoles",Detalle_Consumo!$E:$E,$A5) -> 0 | E5: =SUMIFS(Detalle_Consumo!$H:$H,Detalle_Consumo!$A:$A,"Semana 1",Detalle_Consumo!$B:$B,"Jueves",Detalle_Consumo!$E:$E,$A5) -> 0 | F5: =SUMIFS(Detalle_Consumo!$H:$H,Detalle_Consumo!$A:$A,"Semana 1",Detalle_Consumo!$B:$B,"Viernes",Detalle_Consumo!$E:$E,$A5) -> 0 | G5: =SUM(B5:F5) -> 145.08
A6: ACEITE DE GIRASOL ALTO OLEICO | B6: =SUMIFS(Detalle_Consumo!$H:$H,Detalle_Consumo!$A:$A,"Semana 1",Detalle_Consumo!$B:$B,"Lunes",Detalle_Consumo!$E:$E,$A6) -> 122.76 | C6: =SUMIFS(Detalle_Consumo!$H:$H,Detalle_Consumo!$A:$A,"Semana 1",Detalle_Consumo!$B:$B,"Martes",Detalle_Consumo!$E:$E,$A6) -> 0 | D6: =SUMIFS(Detalle_Consumo!$H:$H,Detalle_Consumo!$A:$A,"Semana 1",Detalle_Consumo!$B:$B,"Miercoles",Detalle_Consumo!$E:$E,$A6) -> 0 | E6: =SUMIFS(Detalle_Consumo!$H:$H,Detalle_Consumo!$A:$A,"Semana 1",Detalle_Consumo!$B:$B,"Jueves",Detalle_Consumo!$E:$E,$A6) -> 0 | F6: =SUMIFS(Detalle_Consumo!$H:$H,Detalle_Consumo!$A:$A,"Semana 1",Detalle_Consumo!$B:$B,"Viernes",Detalle_Consumo!$E:$E,$A6) -> 0 | G6: =SUM(B6:F6) -> 122.76
A7: ACEITE VEGETAL INTERESTERIFICADO | B7: =SUMIFS(Detalle_Consumo!$H:$H,Detalle_Consumo!$A:$A,"Semana 1",Detalle_Consumo!$B:$B,"Lunes",Detalle_Consumo!$E:$E,$A7) -> 66.96 | C7: =SUMIFS(Detalle_Consumo!$H:$H,Detalle_Consumo!$A:$A,"Semana 1",Detalle_Consumo!$B:$B,"Martes",Detalle_Consumo!$E:$E,$A7) -> 234.36 | D7: =SUMIFS(Detalle_Consumo!$H:$H,Detalle_Consumo!$A:$A,"Semana 1",Detalle_Consumo!$B:$B,"Miercoles",Detalle_Consumo!$E:$E,$A7) -> 202.6656 | E7: =SUMIFS(Detalle_Consumo!$H:$H,Detalle_Consumo!$A:$A,"Semana 1",Detalle_Consumo!$B:$B,"Jueves",Detalle_Consumo!$E:$E,$A7) -> 186.8184 | F7: =SUMIFS(Detalle_Consumo!$H:$H,Detalle_Consumo!$A:$A,"Semana 1",Detalle_Consumo!$B:$B,"Viernes",Detalle_Consumo!$E:$E,$A7) -> 186.8184 | G7: =SUM(B7:F7) -> 877.6224
A8: CLARA DE HUEVO EN POLVO | B8: =SUMIFS(Detalle_Consumo!$H:$H,Detalle_Consumo!$A:$A,"Semana 1",Detalle_Consumo!$B:$B,"Lunes",Detalle_Consumo!$E:$E,$A8) -> 55.8 | C8: =SUMIFS(Detalle_Consumo!$H:$H,Detalle_Consumo!$A:$A,"Semana 1",Detalle_Consumo!$B:$B,"Martes",Detalle_Consumo!$E:$E,$A8) -> 0 | D8: =SUMIFS(Detalle_Consumo!$H:$H,Detalle_Consumo!$A:$A,"Semana 1",Detalle_Consumo!$B:$B,"Miercoles",Detalle_Consumo!$E:$E,$A8) -> 0 | E8: =SUMIFS(Detalle_Consumo!$H:$H,Detalle_Consumo!$A:$A,"Semana 1",Detalle_Consumo!$B:$B,"Jueves",Detalle_Consumo!$E:$E,$A8) -> 0 | F8: =SUMIFS(Detalle_Consumo!$H:$H,Detalle_Consumo!$A:$A,"Semana 1",Detalle_Consumo!$B:$B,"Viernes",Detalle_Consumo!$E:$E,$A8) -> 0 | G8: =SUM(B8:F8) -> 55.8
A9: DEXTROSA | B9: =SUMIFS(Detalle_Consumo!$H:$H,Detalle_Consumo!$A:$A,"Semana 1",Detalle_Consumo!$B:$B,"Lunes",Detalle_Consumo!$E:$E,$A9) -> 66.96 | C9: =SUMIFS(Detalle_Consumo!$H:$H,Detalle_Consumo!$A:$A,"Semana 1",Detalle_Consumo!$B:$B,"Martes",Detalle_Consumo!$E:$E,$A9) -> 0 | D9: =SUMIFS(Detalle_Consumo!$H:$H,Detalle_Consumo!$A:$A,"Semana 1",Detalle_Consumo!$B:$B,"Miercoles",Detalle_Consumo!$E:$E,$A9) -> 0 | E9: =SUMIFS(Detalle_Consumo!$H:$H,Detalle_Consumo!$A:$A,"Semana 1",Detalle_Consumo!$B:$B,"Jueves",Detalle_Consumo!$E:$E,$A9) -> 0 | F9: =SUMIFS(Detalle_Consumo!$H:$H,Detalle_Consumo!$A:$A,"Semana 1",Detalle_Consumo!$B:$B,"Viernes",Detalle_Consumo!$E:$E,$A9) -> 0 | G9: =SUM(B9:F9) -> 66.96
A10: SAL | B10: =SUMIFS(Detalle_Consumo!$H:$H,Detalle_Consumo!$A:$A,"Semana 1",Detalle_Consumo!$B:$B,"Lunes",Detalle_Consumo!$E:$E,$A10) -> 25.11 | C10: =SUMIFS(Detalle_Consumo!$H:$H,Detalle_Consumo!$A:$A,"Semana 1",Detalle_Consumo!$B:$B,"Martes",Detalle_Consumo!$E:$E,$A10) -> 0 | D10: =SUMIFS(Detalle_Consumo!$H:$H,Detalle_Consumo!$A:$A,"Semana 1",Detalle_Consumo!$B:$B,"Miercoles",Detalle_Consumo!$E:$E,$A10) -> 2.232 | E10: =SUMIFS(Detalle_Consumo!$H:$H,Detalle_Consumo!$A:$A,"Semana 1",Detalle_Consumo!$B:$B,"Jueves",Detalle_Consumo!$E:$E,$A10) -> 0 | F10: =SUMIFS(Detalle_Consumo!$H:$H,Detalle_Consumo!$A:$A,"Semana 1",Detalle_Consumo!$B:$B,"Viernes",Detalle_Consumo!$E:$E,$A10) -> 0 | G10: =SUM(B10:F10) -> 27.342
A11: ESENCIA DE QUESO | B11: =SUMIFS(Detalle_Consumo!$H:$H,Detalle_Consumo!$A:$A,"Semana 1",Detalle_Consumo!$B:$B,"Lunes",Detalle_Consumo!$E:$E,$A11) -> 16.74 | C11: =SUMIFS(Detalle_Consumo!$H:$H,Detalle_Consumo!$A:$A,"Semana 1",Detalle_Consumo!$B:$B,"Martes",Detalle_Consumo!$E:$E,$A11) -> 0 | D11: =SUMIFS(Detalle_Consumo!$H:$H,Detalle_Consumo!$A:$A,"Semana 1",Detalle_Consumo!$B:$B,"Miercoles",Detalle_Consumo!$E:$E,$A11) -> 0 | E11: =SUMIFS(Detalle_Consumo!$H:$H,Detalle_Consumo!$A:$A,"Semana 1",Detalle_Consumo!$B:$B,"Jueves",Detalle_Consumo!$E:$E,$A11) -> 0 | F11: =SUMIFS(Detalle_Consumo!$H:$H,Detalle_Consumo!$A:$A,"Semana 1",Detalle_Consumo!$B:$B,"Viernes",Detalle_Consumo!$E:$E,$A11) -> 0 | G11: =SUM(B11:F11) -> 16.74
A12: GOMA XÁNTICA | B12: =SUMIFS(Detalle_Consumo!$H:$H,Detalle_Consumo!$A:$A,"Semana 1",Detalle_Consumo!$B:$B,"Lunes",Detalle_Consumo!$E:$E,$A12) -> 16.74 | C12: =SUMIFS(Detalle_Consumo!$H:$H,Detalle_Consumo!$A:$A,"Semana 1",Detalle_Consumo!$B:$B,"Martes",Detalle_Consumo!$E:$E,$A12) -> 16.74 | D12: =SUMIFS(Detalle_Consumo!$H:$H,Detalle_Consumo!$A:$A,"Semana 1",Detalle_Consumo!$B:$B,"Miercoles",Detalle_Consumo!$E:$E,$A12) -> 10.40112 | E12: =SUMIFS(Detalle_Consumo!$H:$H,Detalle_Consumo!$A:$A,"Semana 1",Detalle_Consumo!$B:$B,"Jueves",Detalle_Consumo!$E:$E,$A12) -> 7.23168 | F12: =SUMIFS(Detalle_Consumo!$H:$H,Detalle_Consumo!$A:$A,"Semana 1",Detalle_Consumo!$B:$B,"Viernes",Detalle_Consumo!$E:$E,$A12) -> 7.23168 | G12: =SUM(B12:F12) -> 58.34448
A13: POLVO PARA HORNEAR | B13: =SUMIFS(Detalle_Consumo!$H:$H,Detalle_Consumo!$A:$A,"Semana 1",Detalle_Consumo!$B:$B,"Lunes",Detalle_Consumo!$E:$E,$A13) -> 16.74 | C13: =SUMIFS(Detalle_Consumo!$H:$H,Detalle_Consumo!$A:$A,"Semana 1",Detalle_Consumo!$B:$B,"Martes",Detalle_Consumo!$E:$E,$A13) -> 0 | D13: =SUMIFS(Detalle_Consumo!$H:$H,Detalle_Consumo!$A:$A,"Semana 1",Detalle_Consumo!$B:$B,"Miercoles",Detalle_Consumo!$E:$E,$A13) -> 0 | E13: =SUMIFS(Detalle_Consumo!$H:$H,Detalle_Consumo!$A:$A,"Semana 1",Detalle_Consumo!$B:$B,"Jueves",Detalle_Consumo!$E:$E,$A13) -> 0 | F13: =SUMIFS(Detalle_Consumo!$H:$H,Detalle_Consumo!$A:$A,"Semana 1",Detalle_Consumo!$B:$B,"Viernes",Detalle_Consumo!$E:$E,$A13) -> 0 | G13: =SUM(B13:F13) -> 16.74
... A35: ÁCIDO CÍTRICO | B35: =SUMIFS(Detalle_Consumo!$H:$H,Detalle_Consumo!$A:$A,"Semana 1",Detalle_Consumo!$B:$B,"Lunes",Detalle_Consumo!$E:$E,$A35) -> 0 | C35: =SUMIFS(Detalle_Consumo!$H:$H,Detalle_Consumo!$A:$A,"Semana 1",Detalle_Consumo!$B:$B,"Martes",Detalle_Consumo!$E:$E,$A35) -> 0 | D35: =SUMIFS(Detalle_Consumo!$H:$H,Detalle_Consumo!$A:$A,"Semana 1",Detalle_Consumo!$B:$B,"Miercoles",Detalle_Consumo!$E:$E,$A35) -> 1.5624 | E35: =SUMIFS(Detalle_Consumo!$H:$H,Detalle_Consumo!$A:$A,"Semana 1",Detalle_Consumo!$B:$B,"Jueves",Detalle_Consumo!$E:$E,$A35) -> 2.3436 | F35: =SUMIFS(Detalle_Consumo!$H:$H,Detalle_Consumo!$A:$A,"Semana 1",Detalle_Consumo!$B:$B,"Viernes",Detalle_Consumo!$E:$E,$A35) -> 2.3436 | G35: =SUM(B35:F35) -> 6.2496
A36: TOTAL GENERAL (kg) | B36: =SUM(B2:B35) -> 1800 | C36: =SUM(C2:C35) -> 1800 | D36: =SUM(D2:D35) -> 1800 | E36: =SUM(E2:E35) -> 1800 | F36: =SUM(F2:F35) -> 1800 | G36: =SUM(G2:G35) -> 9000

Sheet Resumen_Semana2
A1: Materia Prima | B1: Lunes | C1: Martes | D1: Miercoles | E1: Jueves | F1: Viernes | G1: Total Semana 2 (kg)
A2: FÉCULA DE MAÍZ | B2: =SUMIFS(Detalle_Consumo!$H:$H,Detalle_Consumo!$A:$A,"Semana 2",Detalle_Consumo!$B:$B,"Lunes",Detalle_Consumo!$E:$E,$A2) -> 468.72 | C2: =SUMIFS(Detalle_Consumo!$H:$H,Detalle_Consumo!$A:$A,"Semana 2",Detalle_Consumo!$B:$B,"Martes",Detalle_Consumo!$E:$E,$A2) -> 446.4 | D2: =SUMIFS(Detalle_Consumo!$H:$H,Detalle_Consumo!$A:$A,"Semana 2",Detalle_Consumo!$B:$B,"Miercoles",Detalle_Consumo!$E:$E,$A2) -> 429.66 | E2: =SUMIFS(Detalle_Consumo!$H:$H,Detalle_Consumo!$A:$A,"Semana 2",Detalle_Consumo!$B:$B,"Jueves",Detalle_Consumo!$E:$E,$A2) -> 443.61 | F2: =SUMIFS(Detalle_Consumo!$H:$H,Detalle_Consumo!$A:$A,"Semana 2",Detalle_Consumo!$B:$B,"Viernes",Detalle_Consumo!$E:$E,$A2) -> 443.61 | G2: =SUM(B2:F2) -> 2232
A3: HARINA DE ARROZ | B3: =SUMIFS(Detalle_Consumo!$H:$H,Detalle_Consumo!$A:$A,"Semana 2",Detalle_Consumo!$B:$B,"Lunes",Detalle_Consumo!$E:$E,$A3) -> 351.54 | C3: =SUMIFS(Detalle_Consumo!$H:$H,Detalle_Consumo!$A:$A,"Semana 2",Detalle_Consumo!$B:$B,"Martes",Detalle_Consumo!$E:$E,$A3) -> 357.12 | D3: =SUMIFS(Detalle_Consumo!$H:$H,Detalle_Consumo!$A:$A,"Semana 2",Detalle_Consumo!$B:$B,"Miercoles",Detalle_Consumo!$E:$E,$A3) -> 323.64 | E3: =SUMIFS(Detalle_Consumo!$H:$H,Detalle_Consumo!$A:$A,"Semana 2",Detalle_Consumo!$B:$B,"Jueves",Detalle_Consumo!$E:$E,$A3) -> 301.32 | F3: =SUMIFS(Detalle_Consumo!$H:$H,Detalle_Consumo!$A:$A,"Semana 2",Detalle_Consumo!$B:$B,"Viernes",Detalle_Consumo!$E:$E,$A3) -> 301.32 | G3: =SUM(B3:F3) -> 1634.94
A4: AZÚCAR | B4: =SUMIFS(Detalle_Consumo!$H:$H,Detalle_Consumo!$A:$A,"Semana 2",Detalle_Consumo!$B:$B,"Lunes",Detalle_Consumo!$E:$E,$A4) -> 267.84 | C4: =SUMIFS(Detalle_Consumo!$H:$H,Detalle_Consumo!$A:$A,"Semana 2",Detalle_Consumo!$B:$B,"Martes",Detalle_Consumo!$E:$E,$A4) -> 178.56 | D4: =SUMIFS(Detalle_Consumo!$H:$H,Detalle_Consumo!$A:$A,"Semana 2",Detalle_Consumo!$B:$B,"Miercoles",Detalle_Consumo!$E:$E,$A4) -> 156.24 | E4: =SUMIFS(Detalle_Consumo!$H:$H,Detalle_Consumo!$A:$A,"Semana 2",Detalle_Consumo!$B:$B,"Jueves",Detalle_Consumo!$E:$E,$A4) -> 234.36 | F4: =SUMIFS(Detalle_Consumo!$H:$H,Detalle_Consumo!$A:$A,"Semana 2",Detalle_Consumo!$B:$B,"Viernes",Detalle_Consumo!$E:$E,$A4) -> 234.36 | G4: =SUM(B4:F4) -> 1071.36
A5: ACEITE VEGETAL INTERESTERIFICADO | B5: =SUMIFS(Detalle_Consumo!$H:$H,Detalle_Consumo!$A:$A,"Semana 2",Detalle_Consumo!$B:$B,"Lunes",Detalle_Consumo!$E:$E,$A5) -> 251.1 | C5: =SUMIFS(Detalle_Consumo!$H:$H,Detalle_Consumo!$A:$A,"Semana 2",Detalle_Consumo!$B:$B,"Martes",Detalle_Consumo!$E:$E,$A5) -> 239.94 | D5: =SUMIFS(Detalle_Consumo!$H:$H,Detalle_Consumo!$A:$A,"Semana 2",Detalle_Consumo!$B:$B,"Miercoles",Detalle_Consumo!$E:$E,$A5) -> 239.94 | E5: =SUMIFS(Detalle_Consumo!$H:$H,Detalle_Consumo!$A:$A,"Semana 2",Detalle_Consumo!$B:$B,"Jueves",Detalle_Consumo!$E:$E,$A5) -> 251.1 | F5: =SUMIFS(Detalle_Consumo!$H:$H,Detalle_Consumo!$A:$A,"Semana 2",Detalle_Consumo!$B:$B,"Viernes",Detalle_Consumo!$E:$E,$A5) -> 251.1 | G5: =SUM(B5:F5) -> 1233.18
A6: JARABE DE GLUCOSA | B6: =SUMIFS(Detalle_Consumo!$H:$H,Detalle_Consumo!$A:$A,"Semana 2",Detalle_Consumo!$B:$B,"Lunes",Detalle_Consumo!$E:$E,$A6) -> 100.44 | C6: =SUMIFS(Detalle_Consumo!$H:$H,Detalle_Consumo!$A:$A,"Semana 2",Detalle_Consumo!$B:$B,"Martes",Detalle_Consumo!$E:$E,$A6) -> 66.96 | D6: =SUMIFS(Detalle_Consumo!$H:$H,Detalle_Consumo!$A:$A,"Semana 2",Detalle_Consumo!$B:$B,"Miercoles",Detalle_Consumo!$E:$E,$A6) -> 66.96 | E6: =SUMIFS(Detalle_Consumo!$H:$H,Detalle_Consumo!$A:$A,"Semana 2",Detalle_Consumo!$B:$B,"Jueves",Detalle_Consumo!$E:$E,$A6) -> 100.44 | F6: =SUMIFS(Detalle_Consumo!$H:$H,Detalle_Consumo!$A:$A,"Semana 2",Detalle_Consumo!$B:$B,"Viernes",Detalle_Consumo!$E:$E,$A6) -> 100.44 | G6: =SUM(B6:F6) -> 435.24
A7: EDULZUGAR | B7: =SUMIFS(Detalle_Consumo!$H:$H,Detalle_Consumo!$A:$A,"Semana 2",Detalle_Consumo!$B:$B,"Lunes",Detalle_Consumo!$E:$E,$A7) -> 50.22 | C7: =SUMIFS(Detalle_Consumo!$H:$H,Detalle_Consumo!$A:$A,"Semana 2",Detalle_Consumo!$B:$B,"Martes",Detalle_Consumo!$E:$E,$A7) -> 33.48 | D7: =SUMIFS(Detalle_Consumo!$H:$H,Detalle_Consumo!$A:$A,"Semana 2",Detalle_Consumo!$B:$B,"Miercoles",Detalle_Consumo!$E:$E,$A7) -> 0 | E7: =SUMIFS(Detalle_Consumo!$H:$H,Detalle_Consumo!$A:$A,"Semana 2",Detalle_Consumo!$B:$B,"Jueves",Detalle_Consumo!$E:$E,$A7) -> 0 | F7: =SUMIFS(Detalle_Consumo!$H:$H,Detalle_Consumo!$A:$A,"Semana 2",Detalle_Consumo!$B:$B,"Viernes",Detalle_Consumo!$E:$E,$A7) -> 0 | G7: =SUM(B7:F7) -> 83.7
A8: PANACEA | B8: =SUMIFS(Detalle_Consumo!$H:$H,Detalle_Consumo!$A:$A,"Semana 2",Detalle_Consumo!$B:$B,"Lunes",Detalle_Consumo!$E:$E,$A8) -> 50.22 | C8: =SUMIFS(Detalle_Consumo!$H:$H,Detalle_Consumo!$A:$A,"Semana 2",Detalle_Consumo!$B:$B,"Martes",Detalle_Consumo!$E:$E,$A8) -> 55.8 | D8: =SUMIFS(Detalle_Consumo!$H:$H,Detalle_Consumo!$A:$A,"Semana 2",Detalle_Consumo!$B:$B,"Miercoles",Detalle_Consumo!$E:$E,$A8) -> 22.32 | E8: =SUMIFS(Detalle_Consumo!$H:$H,Detalle_Consumo!$A:$A,"Semana 2",Detalle_Consumo!$B:$B,"Jueves",Detalle_Consumo!$E:$E,$A8) -> 0 | F8: =SUMIFS(Detalle_Consumo!$H:$H,Detalle_Consumo!$A:$A,"Semana 2",Detalle_Consumo!$B:$B,"Viernes",Detalle_Consumo!$E:$E,$A8) -> 0 | G8: =SUM(B8:F8) -> 128.34
A9: POLVO PARA HORNEAR | B9: =SUMIFS(Detalle_Consumo!$H:$H,Detalle_Consumo!$A:$A,"Semana 2",Detalle_Consumo!$B:$B,"Lunes",Detalle_Consumo!$E:$E,$A9) -> 33.48 | C9: =SUMIFS(Detalle_Consumo!$H:$H,Detalle_Consumo!$A:$A,"Semana 2",Detalle_Consumo!$B:$B,"Martes",Detalle_Consumo!$E:$E,$A9) -> 33.48 | D9: =SUMIFS(Detalle_Consumo!$H:$H,Detalle_Consumo!$A:$A,"Semana 2",Detalle_Consumo!$B:$B,"Miercoles",Detalle_Consumo!$E:$E,$A9) -> 11.16 | E9: =SUMIFS(Detalle_Consumo!$H:$H,Detalle_Consumo!$A:$A,"Semana 2",Detalle_Consumo!$B:$B,"Jueves",Detalle_Consumo!$E:$E,$A9) -> 0 | F9: =SUMIFS(Detalle_Consumo!$H:$H,Detalle_Consumo!$A:$A,"Semana 2",Detalle_Consumo!$B:$B,"Viernes",Detalle_Consumo!$E:$E,$A9) -> 0 | G9: =SUM(B9:F9) -> 78.12
A10: LECITINA DE SOJA | B10: =SUMIFS(Detalle_Consumo!$H:$H,Detalle_Consumo!$A:$A,"Semana 2",Detalle_Consumo!$B:$B,"Lunes",Detalle_Consumo!$E:$E,$A10) -> 16.74 | C10: =SUMIFS(Detalle_Consumo!$H:$H,Detalle_Consumo!$A:$A,"Semana 2",Detalle_Consumo!$B:$B,"Martes",Detalle_Consumo!$E:$E,$A10) -> 11.16 | D10: =SUMIFS(Detalle_Consumo!$H:$H,Detalle_Consumo!$A:$A,"Semana 2",Detalle_Consumo!$B:$B,"Miercoles",Detalle_Consumo!$E:$E,$A10) -> 0 | E10: =SUMIFS(Detalle_Consumo!$H:$H,Detalle_Consumo!$A:$A,"Semana 2",Detalle_Consumo!$B:$B,"Jueves",Detalle_Consumo!$E:$E,$A10) -> 0 | F10: =SUMIFS(Detalle_Consumo!$H:$H,Detalle_Consumo!$A:$A,"Semana 2",Detalle_Consumo!$B:$B,"Viernes",Detalle_Consumo!$E:$E,$A10) -> 0 | G10: =SUM(B10:F10) -> 27.9
A11: GOMA XÁNTICA | B11: =SUMIFS(Detalle_Consumo!$H:$H,Detalle_Consumo!$A:$A,"Semana 2",Detalle_Consumo!$B:$B,"Lunes",Detalle_Consumo!$E:$E,$A11) -> 16.74 | C11: =SUMIFS(Detalle_Consumo!$H:$H,Detalle_Consumo!$A:$A,"Semana 2",Detalle_Consumo!$B:$B,"Martes",Detalle_Consumo!$E:$E,$A11) -> 16.74 | D11: =SUMIFS(Detalle_Consumo!$H:$H,Detalle_Consumo!$A:$A,"Semana 2",Detalle_Consumo!$B:$B,"Miercoles",Detalle_Consumo!$E:$E,$A11) -> 14.508 | E11: =SUMIFS(Detalle_Consumo!$H:$H,Detalle_Consumo!$A:$A,"Semana 2",Detalle_Consumo!$B:$B,"Jueves",Detalle_Consumo!$E:$E,$A11) -> 13.392 | F11: =SUMIFS(Detalle_Consumo!$H:$H,Detalle_Consumo!$A:$A,"Semana 2",Detalle_Consumo!$B:$B,"Viernes",Detalle_Consumo!$E:$E,$A11) -> 13.392 | G11: =SUM(B11:F11) -> 74.772
A12: PROPIONATO DE CALCIO | B12: =SUMIFS(Detalle_Consumo!$H:$H,Detalle_Consumo!$A:$A,"Semana 2",Detalle_Consumo!$B:$B,"Lunes",Detalle_Consumo!$E:$E,$A12) -> 16.74 | C12: =SUMIFS(Detalle_Consumo!$H:$H,Detalle_Consumo!$A:$A,"Semana 2",Detalle_Consumo!$B:$B,"Martes",Detalle_Consumo!$E:$E,$A12) -> 16.74 | D12: =SUMIFS(Detalle_Consumo!$H:$H,Detalle_Consumo!$A:$A,"Semana 2",Detalle_Consumo!$B:$B,"Miercoles",Detalle_Consumo!$E:$E,$A12) -> 5.58 | E12: =SUMIFS(Detalle_Consumo!$H:$H,Detalle_Consumo!$A:$A,"Semana 2",Detalle_Consumo!$B:$B,"Jueves",Detalle_Consumo!$E:$E,$A12) -> 0 | F12: =SUMIFS(Detalle_Consumo!$H:$H,Detalle_Consumo!$A:$A,"Semana 2",Detalle_Consumo!$B:$B,"Viernes",Detalle_Consumo!$E:$E,$A12) -> 0 | G12: =SUM(B12:F12) -> 39.06
A13: BICARBONATO DE AMONIO | B13: =SUMIFS(Detalle_Consumo!$H:$H,Detalle_Consumo!$A:$A,"Semana 2",Detalle_Consumo!$B:$B,"Lunes",Detalle_Consumo!$E:$E,$A13) -> 16.74 | C13: =SUMIFS(Detalle_Consumo!$H:$H,Detalle_Consumo!$A:$A,"Semana 2",Detalle_Consumo!$B:$B,"Martes",Detalle_Consumo!$E:$E,$A13) -> 19.53 | D13: =SUMIFS(Detalle_Consumo!$H:$H,Detalle_Consumo!$A:$A,"Semana 2",Detalle_Consumo!$B:$B,"Miercoles",Detalle_Consumo!$E:$E,$A13) -> 13.95 | E13: =SUMIFS(Detalle_Consumo!$H:$H,Detalle_Consumo!$A:$A,"Semana 2",Detalle_Consumo!$B:$B,"Jueves",Detalle_Consumo!$E:$E,$A13) -> 8.37 | F13: =SUMIFS(Detalle_Consumo!$H:$H,Detalle_Consumo!$A:$A,"Semana 2",Detalle_Consumo!$B:$B,"Viernes",Detalle_Consumo!$E:$E,$A13) -> 8.37 | G13: =SUM(B13:F13) -> 66.96
... A28: JALAPEÑO DESHIDRATADO EN POLVO | B28: =SUMIFS(Detalle_Consumo!$H:$H,Detalle_Consumo!$A:$A,"Semana 2",Detalle_Consumo!$B:$B,"Lunes",Detalle_Consumo!$E:$E,$A28) -> 0 | C28: =SUMIFS(Detalle_Consumo!$H:$H,Detalle_Consumo!$A:$A,"Semana 2",Detalle_Consumo!$B:$B,"Martes",Detalle_Consumo!$E:$E,$A28) -> 0 | D28: =SUMIFS(Detalle_Consumo!$H:$H,Detalle_Consumo!$A:$A,"Semana 2",Detalle_Consumo!$B:$B,"Miercoles",Detalle_Consumo!$E:$E,$A28) -> 2.232 | E28: =SUMIFS(Detalle_Consumo!$H:$H,Detalle_Consumo!$A:$A,"Semana 2",Detalle_Consumo!$B:$B,"Jueves",Detalle_Consumo!$E:$E,$A28) -> 3.348 | F28: =SUMIFS(Detalle_Consumo!$H:$H,Detalle_Consumo!$A:$A,"Semana 2",Detalle_Consumo!$B:$B,"Viernes",Detalle_Consumo!$E:$E,$A28) -> 3.348 | G28: =SUM(B28:F28) -> 8.928
A29: TOTAL GENERAL (kg) | B29: =SUM(B2:B28) -> 1800 | C29: =SUM(C2:C28) -> 1800 | D29: =SUM(D2:D28) -> 1800 | E29: =SUM(E2:E28) -> 1800 | F29: =SUM(F2:F28) -> 1800 | G29: =SUM(G2:G28) -> 9000

Sheet Programacion_PanesBudines
A1: Dia | B1: Producto | C1: Codigo | D1: Turnos | E1: Batidos x turno | F1: Kg x batido | G1: Kg mezcla total
A2: Lunes | B2: Pan de molde | C2: B01 | D2: 3 | E2: 6 | F2: 30 | G2: =D2*E2*F2 -> 540
A3: Martes | B3: Budin de vainilla / citricos | C3: B02 | D3: 2 | E3: 6 | F3: 30 | G3: =D3*E3*F3 -> 360
A4: Martes | B4: Budin con chips de chocolate | C4: B03 | D4: 1 | E4: 6 | F4: 30 | G4: =D4*E4*F4 -> 180
A5: Miercoles | B5: Pan de molde | C5: B01 | D5: 3 | E5: 6 | F5: 30 | G5: =D5*E5*F5 -> 540
A6: Jueves | B6: Budin con chips de chocolate | C6: B03 | D6: 2 | E6: 6 | F6: 30 | G6: =D6*E6*F6 -> 360
A7: Jueves | B7: Budin de vainilla / citricos | C7: B02 | D7: 1 | E7: 6 | F7: 30 | G7: =D7*E7*F7 -> 180
A8: Viernes | B8: Budin de vainilla / citricos | C8: B02 | D8: 2 | E8: 6 | F8: 30 | G8: =D8*E8*F8 -> 360
A9: Viernes | B9: Budin con chips de chocolate | C9: B03 | D9: 1 | E9: 6 | F9: 30 | G9: =D9*E9*F9 -> 180
A11: Supuestos confirmados por Bren: 30 kg por batido, 6 batidos por turno. "BUDIN" alterna entre B02 y B03 turno a turno de forma continua en toda la semana (no se reinicia cada dia).

Sheet Detalle_Consumo_PanesBudines
A1: Dia | B1: Producto | C1: Codigo | D1: Ingrediente | E1: Porcentaje | F1: Kg mezcla | G1: Kg consumido
A2: =Programacion_PanesBudines!A2 -> Lunes | B2: =Programacion_PanesBudines!B2 -> Pan de molde | C2: =Programacion_PanesBudines!C2 -> B01 | D2: =Formulas!C121 -> AGUA | E2: =Formulas!D121 -> 0.473 | F2: =Programacion_PanesBudines!G2 -> 540 | G2: =E2*F2 -> 255.42
A3: =Programacion_PanesBudines!A2 -> Lunes | B3: =Programacion_PanesBudines!B2 -> Pan de molde | C3: =Programacion_PanesBudines!C2 -> B01 | D3: =Formulas!C122 -> HARINA DE ARROZ | E3: =Formulas!D122 -> 0.136 | F3: =Programacion_PanesBudines!G2 -> 540 | G3: =E3*F3 -> 73.44
A4: =Programacion_PanesBudines!A2 -> Lunes | B4: =Programacion_PanesBudines!B2 -> Pan de molde | C4: =Programacion_PanesBudines!C2 -> B01 | D4: =Formulas!C123 -> FÉCULA DE MAÍZ | E4: =Formulas!D123 -> 0.102 | F4: =Programacion_PanesBudines!G2 -> 540 | G4: =E4*F4 -> 55.08
A5: =Programacion_PanesBudines!A2 -> Lunes | B5: =Programacion_PanesBudines!B2 -> Pan de molde | C5: =Programacion_PanesBudines!C2 -> B01 | D5: =Formulas!C124 -> FÉCULA DE MANDIOCA | E5: =Formulas!D124 -> 0.085 | F5: =Programacion_PanesBudines!G2 -> 540 | G5: =E5*F5 -> 45.9
A6: =Programacion_PanesBudines!A2 -> Lunes | B6: =Programacion_PanesBudines!B2 -> Pan de molde | C6: =Programacion_PanesBudines!C2 -> B01 | D6: =Formulas!C125 -> ACEITE DE GIRASOL ALTO OLEICO | E6: =Formulas!D125 -> 0.051 | F6: =Programacion_PanesBudines!G2 -> 540 | G6: =E6*F6 -> 27.54
A7: =Programacion_PanesBudines!A2 -> Lunes | B7: =Programacion_PanesBudines!B2 -> Pan de molde | C7: =Programacion_PanesBudines!C2 -> B01 | D7: =Formulas!C126 -> AZÚCAR | E7: =Formulas!D126 -> 0.034 | F7: =Programacion_PanesBudines!G2 -> 540 | G7: =E7*F7 -> 18.36
A8: =Programacion_PanesBudines!A2 -> Lunes | B8: =Programacion_PanesBudines!B2 -> Pan de molde | C8: =Programacion_PanesBudines!C2 -> B01 | D8: =Formulas!C127 -> LECHE EN POLVO | E8: =Formulas!D127 -> 0.034 | F8: =Programacion_PanesBudines!G2 -> 540 | G8: =E8*F8 -> 18.36
A9: =Programacion_PanesBudines!A2 -> Lunes | B9: =Programacion_PanesBudines!B2 -> Pan de molde | C9: =Programacion_PanesBudines!C2 -> B01 | D9: =Formulas!C128 -> PSYLLIUM | E9: =Formulas!D128 -> 0.0255 | F9: =Programacion_PanesBudines!G2 -> 540 | G9: =E9*F9 -> 13.77
A10: =Programacion_PanesBudines!A2 -> Lunes | B10: =Programacion_PanesBudines!B2 -> Pan de molde | C10: =Programacion_PanesBudines!C2 -> B01 | D10: =Formulas!C129 -> FIBRA C 200 | E10: =Formulas!D129 -> 0.02125 | F10: =Programacion_PanesBudines!G2 -> 540 | G10: =E10*F10 -> 11.475
A11: =Programacion_PanesBudines!A2 -> Lunes | B11: =Programacion_PanesBudines!B2 -> Pan de molde | C11: =Programacion_PanesBudines!C2 -> B01 | D11: =Formulas!C130 -> LEVADURA | E11: =Formulas!D130 -> 0.017 | F11: =Programacion_PanesBudines!G2 -> 540 | G11: =E11*F11 -> 9.18
A12: =Programacion_PanesBudines!A2 -> Lunes | B12: =Programacion_PanesBudines!B2 -> Pan de molde | C12: =Programacion_PanesBudines!C2 -> B01 | D12: =Formulas!C131 -> GOMA XÁNTICA | E12: =Formulas!D131 -> 0.01275 | F12: =Programacion_PanesBudines!G2 -> 540 | G12: =E12*F12 -> 6.885
A13: =Programacion_PanesBudines!A2 -> Lunes | B13: =Programacion_PanesBudines!B2 -> Pan de molde | C13: =Programacion_PanesBudines!C2 -> B01 | D13: =Formulas!C132 -> SAL | E13: =Formulas!D132 -> 0.0085 | F13: =Programacion_PanesBudines!G2 -> 540 | G13: =E13*F13 -> 4.59
A14: =Programacion_PanesBudines!A3 -> Martes | B14: =Programacion_PanesBudines!B3 -> Budin de vainilla / citricos | C14: =Programacion_PanesBudines!C3 -> B02 | D14: =Formulas!C133 -> AZÚCAR | E14: =Formulas!D133 -> 0.1958 | F14: =Programacion_PanesBudines!G3 -> 360 | G14: =E14*F14 -> 70.488
A15: =Programacion_PanesBudines!A3 -> Martes | B15: =Programacion_PanesBudines!B3 -> Budin de vainilla / citricos | C15: =Programacion_PanesBudines!C3 -> B02 | D15: =Formulas!C134 -> MARGARINA | E15: =Formulas!D134 -> 0.1424 | F15: =Programacion_PanesBudines!G3 -> 360 | G15: =E15*F15 -> 51.264
A16: =Programacion_PanesBudines!A3 -> Martes | B16: =Programacion_PanesBudines!B3 -> Budin de vainilla / citricos | C16: =Programacion_PanesBudines!C3 -> B02 | D16: =Formulas!C135 -> HARINA DE ARROZ | E16: =Formulas!D135 -> 0.1246 | F16: =Programacion_PanesBudines!G3 -> 360 | G16: =E16*F16 -> 44.856
A17: =Programacion_PanesBudines!A3 -> Martes | B17: =Programacion_PanesBudines!B3 -> Budin de vainilla / citricos | C17: =Programacion_PanesBudines!C3 -> B02 | D17: =Formulas!C136 -> FÉCULA DE MAÍZ | E17: =Formulas!D136 -> 0.1068 | F17: =Programacion_PanesBudines!G3 -> 360 | G17: =E17*F17 -> 38.448
A18: =Programacion_PanesBudines!A3 -> Martes | B18: =Programacion_PanesBudines!B3 -> Budin de vainilla / citricos | C18: =Programacion_PanesBudines!C3 -> B02 | D18: =Formulas!C137 -> AGUA | E18: =Formulas!D137 -> 0.2079 | F18: =Programacion_PanesBudines!G3 -> 360 | G18: =E18*F18 -> 74.844
A19: =Programacion_PanesBudines!A3 -> Martes | B19: =Programacion_PanesBudines!B3 -> Budin de vainilla / citricos | C19: =Programacion_PanesBudines!C3 -> B02 | D19: =Formulas!C138 -> HUEVO EN POLVO DESHIDRATADO | E19: =Formulas!D138 -> 0.0534 | F19: =Programacion_PanesBudines!G3 -> 360 | G19: =E19*F19 -> 19.224
A20: =Programacion_PanesBudines!A3 -> Martes | B20: =Programacion_PanesBudines!B3 -> Budin de vainilla / citricos | C20: =Programacion_PanesBudines!C3 -> B02 | D20: =Formulas!C139 -> FÉCULA DE MANDIOCA | E20: =Formulas!D139 -> 0.0534 | F20: =Programacion_PanesBudines!G3 -> 360 | G20: =E20*F20 -> 19.224
A21: =Programacion_PanesBudines!A3 -> Martes | B21: =Programacion_PanesBudines!B3 -> Budin de vainilla / citricos | C21: =Programacion_PanesBudines!C3 -> B02 | D21: =Formulas!C140 -> LECHE EN POLVO | E21: =Formulas!D140 -> 0.0445 | F21: =Programacion_PanesBudines!G3 -> 360 | G21: =E21*F21 -> 16.02
A22: =Programacion_PanesBudines!A3 -> Martes | B22: =Programacion_PanesBudines!B3 -> Budin de vainilla / citricos | C22: =Programacion_PanesBudines!C3 -> B02 | D22: =Formulas!C141 -> PANACEA | E22: =Formulas!D141 -> 0.0178 | F22: =Programacion_PanesBudines!G3 -> 360 | G22: =E22*F22 -> 6.408
A23: =Programacion_PanesBudines!A3 -> Martes | B23: =Programacion_PanesBudines!B3 -> Budin de vainilla / citricos | C23: =Programacion_PanesBudines!C3 -> B02 | D23: =Formulas!C142 -> POLVO PARA HORNEAR | E23: =Formulas!D142 -> 0.0178 | F23: =Programacion_PanesBudines!G3 -> 360 | G23: =E23*F23 -> 6.408
A24: =Programacion_PanesBudines!A3 -> Martes | B24: =Programacion_PanesBudines!B3 -> Budin de vainilla / citricos | C24: =Programacion_PanesBudines!C3 -> B02 | D24: =Formulas!C143 -> GOMA XÁNTICA | E24: =Formulas!D143 -> 0.0089 | F24: =Programacion_PanesBudines!G3 -> 360 | G24: =E24*F24 -> 3.204
A25: =Programacion_PanesBudines!A3 -> Martes | B25: =Programacion_PanesBudines!B3 -> Budin de vainilla / citricos | C25: =Programacion_PanesBudines!C3 -> B02 | D25: =Formulas!C144 -> PROPIONATO DE CALCIO | E25: =Formulas!D144 -> 0.0089 | F25: =Programacion_PanesBudines!G3 -> 360 | G25: =E25*F25 -> 3.204
A26: =Programacion_PanesBudines!A3 -> Martes | B26: =Programacion_PanesBudines!B3 -> Budin de vainilla / citricos | C26: =Programacion_PanesBudines!C3 -> B02 | D26: =Formulas!C145 -> ESENCIA DE VAINILLA / NARANJA / LIMÓN | E26: =Formulas!D145 -> 0.01068 | F26: =Programacion_PanesBudines!G3 -> 360 | G26: =E26*F26 -> 3.8448
A27: =Programacion_PanesBudines!A3 -> Martes | B27: =Programacion_PanesBudines!B3 -> Budin de vainilla / citricos | C27: =Programacion_PanesBudines!C3 -> B02 | D27: =Formulas!C146 -> SAL | E27: =Formulas!D146 -> 0.00445 | F27: =Programacion_PanesBudines!G3 -> 360 | G27: =E27*F27 -> 1.602
A28: =Programacion_PanesBudines!A3 -> Martes | B28: =Programacion_PanesBudines!B3 -> Budin de vainilla / citricos | C28: =Programacion_PanesBudines!C3 -> B02 | D28: =Formulas!C147 -> SORBATO DE POTASIO | E28: =Formulas!D147 -> 0.00267 | F28: =Programacion_PanesBudines!G3 -> 360 | G28: =E28*F28 -> 0.9612
A29: =Programacion_PanesBudines!A4 -> Martes | B29: =Programacion_PanesBudines!B4 -> Budin con chips de chocolate | C29: =Programacion_PanesBudines!C4 -> B03 | D29: =Formulas!C148 -> AZÚCAR | E29: =Formulas!D148 -> 0.178 | F29: =Programacion_PanesBudines!G4 -> 180 | G29: =E29*F29 -> 32.04
A30: =Programacion_PanesBudines!A4 -> Martes | B30: =Programacion_PanesBudines!B4 -> Budin con chips de chocolate | C30: =Programacion_PanesBudines!C4 -> B03 | D30: =Formulas!C149 -> MARGARINA | E30: =Formulas!D149 -> 0.1335 | F30: =Programacion_PanesBudines!G4 -> 180 | G30: =E30*F30 -> 24.03
A31: =Programacion_PanesBudines!A4 -> Martes | B31: =Programacion_PanesBudines!B4 -> Budin con chips de chocolate | C31: =Programacion_PanesBudines!C4 -> B03 | D31: =Formulas!C150 -> HARINA DE ARROZ | E31: =Formulas!D150 -> 0.1157 | F31: =Programacion_PanesBudines!G4 -> 180 | G31: =E31*F31 -> 20.826
A32: =Programacion_PanesBudines!A4 -> Martes | B32: =Programacion_PanesBudines!B4 -> Budin con chips de chocolate | C32: =Programacion_PanesBudines!C4 -> B03 | D32: =Formulas!C151 -> FÉCULA DE MAÍZ | E32: =Formulas!D151 -> 0.0979 | F32: =Programacion_PanesBudines!G4 -> 180 | G32: =E32*F32 -> 17.622
A33: =Programacion_PanesBudines!A4 -> Martes | B33: =Programacion_PanesBudines!B4 -> Budin con chips de chocolate | C33: =Programacion_PanesBudines!C4 -> B03 | D33: =Formulas!C152 -> AGUA | E33: =Formulas!D152 -> 0.199 | F33: =Programacion_PanesBudines!G4 -> 180 | G33: =E33*F33 -> 35.82
A34: =Programacion_PanesBudines!A4 -> Martes | B34: =Programacion_PanesBudines!B4 -> Budin con chips de chocolate | C34: =Programacion_PanesBudines!C4 -> B03 | D34: =Formulas!C153 -> CHIPS DE CHOCOLATE | E34: =Formulas!D153 -> 0.0801 | F34: =Programacion_PanesBudines!G4 -> 180 | G34: =E34*F34 -> 14.418
A35: =Programacion_PanesBudines!A4 -> Martes | B35: =Programacion_PanesBudines!B4 -> Budin con chips de chocolate | C35: =Programacion_PanesBudines!C4 -> B03 | D35: =Formulas!C154 -> HUEVO EN POLVO DESHIDRATADO | E35: =Formulas!D154 -> 0.0534 | F35: =Programacion_PanesBudines!G4 -> 180 | G35: =E35*F35 -> 9.612
A36: =Programacion_PanesBudines!A4 -> Martes | B36: =Programacion_PanesBudines!B4 -> Budin con chips de chocolate | C36: =Programacion_PanesBudines!C4 -> B03 | D36: =Formulas!C155 -> FÉCULA DE MANDIOCA | E36: =Formulas!D155 -> 0.0445 | F36: =Programacion_PanesBudines!G4 -> 180 | G36: =E36*F36 -> 8.01
A37: =Programacion_PanesBudines!A4 -> Martes | B37: =Programacion_PanesBudines!B4 -> Budin con chips de chocolate | C37: =Programacion_PanesBudines!C4 -> B03 | D37: =Formulas!C156 -> LECHE EN POLVO | E37: =Formulas!D156 -> 0.0356 | F37: =Programacion_PanesBudines!G4 -> 180 | G37: =E37*F37 -> 6.408
A38: =Programacion_PanesBudines!A4 -> Martes | B38: =Programacion_PanesBudines!B4 -> Budin con chips de chocolate | C38: =Programacion_PanesBudines!C4 -> B03 | D38: =Formulas!C157 -> PANACEA | E38: =Formulas!D157 -> 0.0178 | F38: =Programacion_PanesBudines!G4 -> 180 | G38: =E38*F38 -> 3.204
A39: =Programacion_PanesBudines!A4 -> Martes | B39: =Programacion_PanesBudines!B4 -> Budin con chips de chocolate | C39: =Programacion_PanesBudines!C4 -> B03 | D39: =Formulas!C158 -> POLVO PARA HORNEAR | E39: =Formulas!D158 -> 0.0178 | F39: =Programacion_PanesBudines!G4 -> 180 | G39: =E39*F39 -> 3.204
A40: =Programacion_PanesBudines!A4 -> Martes | B40: =Programacion_PanesBudines!B4 -> Budin con chips de chocolate | C40: =Programacion_PanesBudines!C4 -> B03 | D40: =Formulas!C159 -> GOMA XÁNTICA | E40: =Formulas!D159 -> 0.0089 | F40: =Programacion_PanesBudines!G4 -> 180 | G40: =E40*F40 -> 1.602
A41: =Programacion_PanesBudines!A4 -> Martes | B41: =Programacion_PanesBudines!B4 -> Budin con chips de chocolate | C41: =Programacion_PanesBudines!C4 -> B03 | D41: =Formulas!C160 -> PROPIONATO DE CALCIO | E41: =Formulas!D160 -> 0.0089 | F41: =Programacion_PanesBudines!G4 -> 180 | G41: =E41*F41 -> 1.602
A42: =Programacion_PanesBudines!A4 -> Martes | B42: =Programacion_PanesBudines!B4 -> Budin con chips de chocolate | C42: =Programacion_PanesBudines!C4 -> B03 | D42: =Formulas!C161 -> ESENCIA DE VAINILLA | E42: =Formulas!D161 -> 0.00445 | F42: =Programacion_PanesBudines!G4 -> 180 | G42: =E42*F42 -> 0.801
A43: =Programacion_PanesBudines!A4 -> Martes | B43: =Programacion_PanesBudines!B4 -> Budin con chips de chocolate | C43: =Programacion_PanesBudines!C4 -> B03 | D43: =Formulas!C162 -> SAL | E43: =Formulas!D162 -> 0.00267 | F43: =Programacion_PanesBudines!G4 -> 180 | G43: =E43*F43 -> 0.4806
A44: =Programacion_PanesBudines!A4 -> Martes | B44: =Programacion_PanesBudines!B4 -> Budin con chips de chocolate | C44: =Programacion_PanesBudines!C4 -> B03 | D44: =Formulas!C163 -> SORBATO DE POTASIO | E44: =Formulas!D163 -> 0.00178 | F44: =Programacion_PanesBudines!G4 -> 180 | G44: =E44*F44 -> 0.3204
A45: =Programacion_PanesBudines!A5 -> Miercoles | B45: =Programacion_PanesBudines!B5 -> Pan de molde | C45: =Programacion_PanesBudines!C5 -> B01 | D45: =Formulas!C121 -> AGUA | E45: =Formulas!D121 -> 0.473 | F45: =Programacion_PanesBudines!G5 -> 540 | G45: =E45*F45 -> 255.42
A46: =Programacion_PanesBudines!A5 -> Miercoles | B46: =Programacion_PanesBudines!B5 -> Pan de molde | C46: =Programacion_PanesBudines!C5 -> B01 | D46: =Formulas!C122 -> HARINA DE ARROZ | E46: =Formulas!D122 -> 0.136 | F46: =Programacion_PanesBudines!G5 -> 540 | G46: =E46*F46 -> 73.44
A47: =Programacion_PanesBudines!A5 -> Miercoles | B47: =Programacion_PanesBudines!B5 -> Pan de molde | C47: =Programacion_PanesBudines!C5 -> B01 | D47: =Formulas!C123 -> FÉCULA DE MAÍZ | E47: =Formulas!D123 -> 0.102 | F47: =Programacion_PanesBudines!G5 -> 540 | G47: =E47*F47 -> 55.08
A48: =Programacion_PanesBudines!A5 -> Miercoles | B48: =Programacion_PanesBudines!B5 -> Pan de molde | C48: =Programacion_PanesBudines!C5 -> B01 | D48: =Formulas!C124 -> FÉCULA DE MANDIOCA | E48: =Formulas!D124 -> 0.085 | F48: =Programacion_PanesBudines!G5 -> 540 | G48: =E48*F48 -> 45.9
A49: =Programacion_PanesBudines!A5 -> Miercoles | B49: =Programacion_PanesBudines!B5 -> Pan de molde | C49: =Programacion_PanesBudines!C5 -> B01 | D49: =Formulas!C125 -> ACEITE DE GIRASOL ALTO OLEICO | E49: =Formulas!D125 -> 0.051 | F49: =Programacion_PanesBudines!G5 -> 540 | G49: =E49*F49 -> 27.54
A50: =Programacion_PanesBudines!A5 -> Miercoles | B50: =Programacion_PanesBudines!B5 -> Pan de molde | C50: =Programacion_PanesBudines!C5 -> B01 | D50: =Formulas!C126 -> AZÚCAR | E50: =Formulas!D126 -> 0.034 | F50: =Programacion_PanesBudines!G5 -> 540 | G50: =E50*F50 -> 18.36
A51: =Programacion_PanesBudines!A5 -> Miercoles | B51: =Programacion_PanesBudines!B5 -> Pan de molde | C51: =Programacion_PanesBudines!C5 -> B01 | D51: =Formulas!C127 -> LECHE EN POLVO | E51: =Formulas!D127 -> 0.034 | F51: =Programacion_PanesBudines!G5 -> 540 | G51: =E51*F51 -> 18.36
A52: =Programacion_PanesBudines!A5 -> Miercoles | B52: =Programacion_PanesBudines!B5 -> Pan de molde | C52: =Programacion_PanesBudines!C5 -> B01 | D52: =Formulas!C128 -> PSYLLIUM | E52: =Formulas!D128 -> 0.0255 | F52: =Programacion_PanesBudines!G5 -> 540 | G52: =E52*F52 -> 13.77
A53: =Programacion_PanesBudines!A5 -> Miercoles | B53: =Programacion_PanesBudines!B5 -> Pan de molde | C53: =Programacion_PanesBudines!C5 -> B01 | D53: =Formulas!C129 -> FIBRA C 200 | E53: =Formulas!D129 -> 0.02125 | F53: =Programacion_PanesBudines!G5 -> 540 | G53: =E53*F53 -> 11.475
A54: =Programacion_PanesBudines!A5 -> Miercoles | B54: =Programacion_PanesBudines!B5 -> Pan de molde | C54: =Programacion_PanesBudines!C5 -> B01 | D54: =Formulas!C130 -> LEVADURA | E54: =Formulas!D130 -> 0.017 | F54: =Programacion_PanesBudines!G5 -> 540 | G54: =E54*F54 -> 9.18
A55: =Programacion_PanesBudines!A5 -> Miercoles | B55: =Programacion_PanesBudines!B5 -> Pan de molde | C55: =Programacion_PanesBudines!C5 -> B01 | D55: =Formulas!C131 -> GOMA XÁNTICA | E55: =Formulas!D131 -> 0.01275 | F55: =Programacion_PanesBudines!G5 -> 540 | G55: =E55*F55 -> 6.885
A56: =Programacion_PanesBudines!A5 -> Miercoles | B56: =Programacion_PanesBudines!B5 -> Pan de molde | C56: =Programacion_PanesBudines!C5 -> B01 | D56: =Formulas!C132 -> SAL | E56: =Formulas!D132 -> 0.0085 | F56: =Programacion_PanesBudines!G5 -> 540 | G56: =E56*F56 -> 4.59
A57: =Programacion_PanesBudines!A6 -> Jueves | B57: =Programacion_PanesBudines!B6 -> Budin con chips de chocolate | C57: =Programacion_PanesBudines!C6 -> B03 | D57: =Formulas!C148 -> AZÚCAR | E57: =Formulas!D148 -> 0.178 | F57: =Programacion_PanesBudines!G6 -> 360 | G57: =E57*F57 -> 64.08
A58: =Programacion_PanesBudines!A6 -> Jueves | B58: =Programacion_PanesBudines!B6 -> Budin con chips de chocolate | C58: =Programacion_PanesBudines!C6 -> B03 | D58: =Formulas!C149 -> MARGARINA | E58: =Formulas!D149 -> 0.1335 | F58: =Programacion_PanesBudines!G6 -> 360 | G58: =E58*F58 -> 48.06
A59: =Programacion_PanesBudines!A6 -> Jueves | B59: =Programacion_PanesBudines!B6 -> Budin con chips de chocolate | C59: =Programacion_PanesBudines!C6 -> B03 | D59: =Formulas!C150 -> HARINA DE ARROZ | E59: =Formulas!D150 -> 0.1157 | F59: =Programacion_PanesBudines!G6 -> 360 | G59: =E59*F59 -> 41.652
A60: =Programacion_PanesBudines!A6 -> Jueves | B60: =Programacion_PanesBudines!B6 -> Budin con chips de chocolate | C60: =Programacion_PanesBudines!C6 -> B03 | D60: =Formulas!C151 -> FÉCULA DE MAÍZ | E60: =Formulas!D151 -> 0.0979 | F60: =Programacion_PanesBudines!G6 -> 360 | G60: =E60*F60 -> 35.244
A61: =Programacion_PanesBudines!A6 -> Jueves | B61: =Programacion_PanesBudines!B6 -> Budin con chips de chocolate | C61: =Programacion_PanesBudines!C6 -> B03 | D61: =Formulas!C152 -> AGUA | E61: =Formulas!D152 -> 0.199 | F61: =Programacion_PanesBudines!G6 -> 360 | G61: =E61*F61 -> 71.64
A62: =Programacion_PanesBudines!A6 -> Jueves | B62: =Programacion_PanesBudines!B6 -> Budin con chips de chocolate | C62: =Programacion_PanesBudines!C6 -> B03 | D62: =Formulas!C153 -> CHIPS DE CHOCOLATE | E62: =Formulas!D153 -> 0.0801 | F62: =Programacion_PanesBudines!G6 -> 360 | G62: =E62*F62 -> 28.836
A63: =Programacion_PanesBudines!A6 -> Jueves | B63: =Programacion_PanesBudines!B6 -> Budin con chips de chocolate | C63: =Programacion_PanesBudines!C6 -> B03 | D63: =Formulas!C154 -> HUEVO EN POLVO DESHIDRATADO | E63: =Formulas!D154 -> 0.0534 | F63: =Programacion_PanesBudines!G6 -> 360 | G63: =E63*F63 -> 19.224
A64: =Programacion_PanesBudines!A6 -> Jueves | B64: =Programacion_PanesBudines!B6 -> Budin con chips de chocolate | C64: =Programacion_PanesBudines!C6 -> B03 | D64: =Formulas!C155 -> FÉCULA DE MANDIOCA | E64: =Formulas!D155 -> 0.0445 | F64: =Programacion_PanesBudines!G6 -> 360 | G64: =E64*F64 -> 16.02
A65: =Programacion_PanesBudines!A6 -> Jueves | B65: =Programacion_PanesBudines!B6 -> Budin con chips de chocolate | C65: =Programacion_PanesBudines!C6 -> B03 | D65: =Formulas!C156 -> LECHE EN POLVO | E65: =Formulas!D156 -> 0.0356 | F65: =Programacion_PanesBudines!G6 -> 360 | G65: =E65*F65 -> 12.816
A66: =Programacion_PanesBudines!A6 -> Jueves | B66: =Programacion_PanesBudines!B6 -> Budin con chips de chocolate | C66: =Programacion_PanesBudines!C6 -> B03 | D66: =Formulas!C157 -> PANACEA | E66: =Formulas!D157 -> 0.0178 | F66: =Programacion_PanesBudines!G6 -> 360 | G66: =E66*F66 -> 6.408
A67: =Programacion_PanesBudines!A6 -> Jueves | B67: =Programacion_PanesBudines!B6 -> Budin con chips de chocolate | C67: =Programacion_PanesBudines!C6 -> B03 | D67: =Formulas!C158 -> POLVO PARA HORNEAR | E67: =Formulas!D158 -> 0.0178 | F67: =Programacion_PanesBudines!G6 -> 360 | G67: =E67*F67 -> 6.408
A68: =Programacion_PanesBudines!A6 -> Jueves | B68: =Programacion_PanesBudines!B6 -> Budin con chips de chocolate | C68: =Programacion_PanesBudines!C6 -> B03 | D68: =Formulas!C159 -> GOMA XÁNTICA | E68: =Formulas!D159 -> 0.0089 | F68: =Programacion_PanesBudines!G6 -> 360 | G68: =E68*F68 -> 3.204
A69: =Programacion_PanesBudines!A6 -> Jueves | B69: =Programacion_PanesBudines!B6 -> Budin con chips de chocolate | C69: =Programacion_PanesBudines!C6 -> B03 | D69: =Formulas!C160 -> PROPIONATO DE CALCIO | E69: =Formulas!D160 -> 0.0089 | F69: =Programacion_PanesBudines!G6 -> 360 | G69: =E69*F69 -> 3.204
A70: =Programacion_PanesBudines!A6 -> Jueves | B70: =Programacion_PanesBudines!B6 -> Budin con chips de chocolate | C70: =Programacion_PanesBudines!C6 -> B03 | D70: =Formulas!C161 -> ESENCIA DE VAINILLA | E70: =Formulas!D161 -> 0.00445 | F70: =Programacion_PanesBudines!G6 -> 360 | G70: =E70*F70 -> 1.602
A71: =Programacion_PanesBudines!A6 -> Jueves | B71: =Programacion_PanesBudines!B6 -> Budin con chips de chocolate | C71: =Programacion_PanesBudines!C6 -> B03 | D71: =Formulas!C162 -> SAL | E71: =Formulas!D162 -> 0.00267 | F71: =Programacion_PanesBudines!G6 -> 360 | G71: =E71*F71 -> 0.9612
A72: =Programacion_PanesBudines!A6 -> Jueves | B72: =Programacion_PanesBudines!B6 -> Budin con chips de chocolate | C72: =Programacion_PanesBudines!C6 -> B03 | D72: =Formulas!C163 -> SORBATO DE POTASIO | E72: =Formulas!D163 -> 0.00178 | F72: =Programacion_PanesBudines!G6 -> 360 | G72: =E72*F72 -> 0.6408
A73: =Programacion_PanesBudines!A7 -> Jueves | B73: =Programacion_PanesBudines!B7 -> Budin de vainilla / citricos | C73: =Programacion_PanesBudines!C7 -> B02 | D73: =Formulas!C133 -> AZÚCAR | E73: =Formulas!D133 -> 0.1958 | F73: =Programacion_PanesBudines!G7 -> 180 | G73: =E73*F73 -> 35.244
A74: =Programacion_PanesBudines!A7 -> Jueves | B74: =Programacion_PanesBudines!B7 -> Budin de vainilla / citricos | C74: =Programacion_PanesBudines!C7 -> B02 | D74: =Formulas!C134 -> MARGARINA | E74: =Formulas!D134 -> 0.1424 | F74: =Programacion_PanesBudines!G7 -> 180 | G74: =E74*F74 -> 25.632
A75: =Programacion_PanesBudines!A7 -> Jueves | B75: =Programacion_PanesBudines!B7 -> Budin de vainilla / citricos | C75: =Programacion_PanesBudines!C7 -> B02 | D75: =Formulas!C135 -> HARINA DE ARROZ | E75: =Formulas!D135 -> 0.1246 | F75: =Programacion_PanesBudines!G7 -> 180 | G75: =E75*F75 -> 22.428
A76: =Programacion_PanesBudines!A7 -> Jueves | B76: =Programacion_PanesBudines!B7 -> Budin de vainilla / citricos | C76: =Programacion_PanesBudines!C7 -> B02 | D76: =Formulas!C136 -> FÉCULA DE MAÍZ | E76: =Formulas!D136 -> 0.1068 | F76: =Programacion_PanesBudines!G7 -> 180 | G76: =E76*F76 -> 19.224
A77: =Programacion_PanesBudines!A7 -> Jueves | B77: =Programacion_PanesBudines!B7 -> Budin de vainilla / citricos | C77: =Programacion_PanesBudines!C7 -> B02 | D77: =Formulas!C137 -> AGUA | E77: =Formulas!D137 -> 0.2079 | F77: =Programacion_PanesBudines!G7 -> 180 | G77: =E77*F77 -> 37.422
A78: =Programacion_PanesBudines!A7 -> Jueves | B78: =Programacion_PanesBudines!B7 -> Budin de vainilla / citricos | C78: =Programacion_PanesBudines!C7 -> B02 | D78: =Formulas!C138 -> HUEVO EN POLVO DESHIDRATADO | E78: =Formulas!D138 -> 0.0534 | F78: =Programacion_PanesBudines!G7 -> 180 | G78: =E78*F78 -> 9.612
A79: =Programacion_PanesBudines!A7 -> Jueves | B79: =Programacion_PanesBudines!B7 -> Budin de vainilla / citricos | C79: =Programacion_PanesBudines!C7 -> B02 | D79: =Formulas!C139 -> FÉCULA DE MANDIOCA | E79: =Formulas!D139 -> 0.0534 | F79: =Programacion_PanesBudines!G7 -> 180 | G79: =E79*F79 -> 9.612
A80: =Programacion_PanesBudines!A7 -> Jueves | B80: =Programacion_PanesBudines!B7 -> Budin de vainilla / citricos | C80: =Programacion_PanesBudines!C7 -> B02 | D80: =Formulas!C140 -> LECHE EN POLVO | E80: =Formulas!D140 -> 0.0445 | F80: =Programacion_PanesBudines!G7 -> 180 | G80: =E80*F80 -> 8.01
A81: =Programacion_PanesBudines!A7 -> Jueves | B81: =Programacion_PanesBudines!B7 -> Budin de vainilla / citricos | C81: =Programacion_PanesBudines!C7 -> B02 | D81: =Formulas!C141 -> PANACEA | E81: =Formulas!D141 -> 0.0178 | F81: =Programacion_PanesBudines!G7 -> 180 | G81: =E81*F81 -> 3.204
A82: =Programacion_PanesBudines!A7 -> Jueves | B82: =Programacion_PanesBudines!B7 -> Budin de vainilla / citricos | C82: =Programacion_PanesBudines!C7 -> B02 | D82: =Formulas!C142 -> POLVO PARA HORNEAR | E82: =Formulas!D142 -> 0.0178 | F82: =Programacion_PanesBudines!G7 -> 180 | G82: =E82*F82 -> 3.204
A83: =Programacion_PanesBudines!A7 -> Jueves | B83: =Programacion_PanesBudines!B7 -> Budin de vainilla / citricos | C83: =Programacion_PanesBudines!C7 -> B02 | D83: =Formulas!C143 -> GOMA XÁNTICA | E83: =Formulas!D143 -> 0.0089 | F83: =Programacion_PanesBudines!G7 -> 180 | G83: =E83*F83 -> 1.602
A84: =Programacion_PanesBudines!A7 -> Jueves | B84: =Programacion_PanesBudines!B7 -> Budin de vainilla / citricos | C84: =Programacion_PanesBudines!C7 -> B02 | D84: =Formulas!C144 -> PROPIONATO DE CALCIO | E84: =Formulas!D144 -> 0.0089 | F84: =Programacion_PanesBudines!G7 -> 180 | G84: =E84*F84 -> 1.602
A85: =Programacion_PanesBudines!A7 -> Jueves | B85: =Programacion_PanesBudines!B7 -> Budin de vainilla / citricos | C85: =Programacion_PanesBudines!C7 -> B02 | D85: =Formulas!C145 -> ESENCIA DE VAINILLA / NARANJA / LIMÓN | E85: =Formulas!D145 -> 0.01068 | F85: =Programacion_PanesBudines!G7 -> 180 | G85: =E85*F85 -> 1.9224
A86: =Programacion_PanesBudines!A7 -> Jueves | B86: =Programacion_PanesBudines!B7 -> Budin de vainilla / citricos | C86: =Programacion_PanesBudines!C7 -> B02 | D86: =Formulas!C146 -> SAL | E86: =Formulas!D146 -> 0.00445 | F86: =Programacion_PanesBudines!G7 -> 180 | G86: =E86*F86 -> 0.801
A87: =Programacion_PanesBudines!A7 -> Jueves | B87: =Programacion_PanesBudines!B7 -> Budin de vainilla / citricos | C87: =Programacion_PanesBudines!C7 -> B02 | D87: =Formulas!C147 -> SORBATO DE POTASIO | E87: =Formulas!D147 -> 0.00267 | F87: =Programacion_PanesBudines!G7 -> 180 | G87: =E87*F87 -> 0.4806
A88: =Programacion_PanesBudines!A8 -> Viernes | B88: =Programacion_PanesBudines!B8 -> Budin de vainilla / citricos | C88: =Programacion_PanesBudines!C8 -> B02 | D88: =Formulas!C133 -> AZÚCAR | E88: =Formulas!D133 -> 0.1958 | F88: =Programacion_PanesBudines!G8 -> 360 | G88: =E88*F88 -> 70.488
A89: =Programacion_PanesBudines!A8 -> Viernes | B89: =Programacion_PanesBudines!B8 -> Budin de vainilla / citricos | C89: =Programacion_PanesBudines!C8 -> B02 | D89: =Formulas!C134 -> MARGARINA | E89: =Formulas!D134 -> 0.1424 | F89: =Programacion_PanesBudines!G8 -> 360 | G89: =E89*F89 -> 51.264
A90: =Programacion_PanesBudines!A8 -> Viernes | B90: =Programacion_PanesBudines!B8 -> Budin de vainilla / citricos | C90: =Programacion_PanesBudines!C8 -> B02 | D90: =Formulas!C135 -> HARINA DE ARROZ | E90: =Formulas!D135 -> 0.1246 | F90: =Programacion_PanesBudines!G8 -> 360 | G90: =E90*F90 -> 44.856
A91: =Programacion_PanesBudines!A8 -> Viernes | B91: =Programacion_PanesBudines!B8 -> Budin de vainilla / citricos | C91: =Programacion_PanesBudines!C8 -> B02 | D91: =Formulas!C136 -> FÉCULA DE MAÍZ | E91: =Formulas!D136 -> 0.1068 | F91: =Programacion_PanesBudines!G8 -> 360 | G91: =E91*F91 -> 38.448
A92: =Programacion_PanesBudines!A8 -> Viernes | B92: =Programacion_PanesBudines!B8 -> Budin de vainilla / citricos | C92: =Programacion_PanesBudines!C8 -> B02 | D92: =Formulas!C137 -> AGUA | E92: =Formulas!D137 -> 0.2079 | F92: =Programacion_PanesBudines!G8 -> 360 | G92: =E92*F92 -> 74.844
A93: =Programacion_PanesBudines!A8 -> Viernes | B93: =Programacion_PanesBudines!B8 -> Budin de vainilla / citricos | C93: =Programacion_PanesBudines!C8 -> B02 | D93: =Formulas!C138 -> HUEVO EN POLVO DESHIDRATADO | E93: =Formulas!D138 -> 0.0534 | F93: =Programacion_PanesBudines!G8 -> 360 | G93: =E93*F93 -> 19.224
A94: =Programacion_PanesBudines!A8 -> Viernes | B94: =Programacion_PanesBudines!B8 -> Budin de vainilla / citricos | C94: =Programacion_PanesBudines!C8 -> B02 | D94: =Formulas!C139 -> FÉCULA DE MANDIOCA | E94: =Formulas!D139 -> 0.0534 | F94: =Programacion_PanesBudines!G8 -> 360 | G94: =E94*F94 -> 19.224
A95: =Programacion_PanesBudines!A8 -> Viernes | B95: =Programacion_PanesBudines!B8 -> Budin de vainilla / citricos | C95: =Programacion_PanesBudines!C8 -> B02 | D95: =Formulas!C140 -> LECHE EN POLVO | E95: =Formulas!D140 -> 0.0445 | F95: =Programacion_PanesBudines!G8 -> 360 | G95: =E95*F95 -> 16.02
A96: =Programacion_PanesBudines!A8 -> Viernes | B96: =Programacion_PanesBudines!B8 -> Budin de vainilla / citricos | C96: =Programacion_PanesBudines!C8 -> B02 | D96: =Formulas!C141 -> PANACEA | E96: =Formulas!D141 -> 0.0178 | F96: =Programacion_PanesBudines!G8 -> 360 | G96: =E96*F96 -> 6.408
A97: =Programacion_PanesBudines!A8 -> Viernes | B97: =Programacion_PanesBudines!B8 -> Budin de vainilla / citricos | C97: =Programacion_PanesBudines!C8 -> B02 | D97: =Formulas!C142 -> POLVO PARA HORNEAR | E97: =Formulas!D142 -> 0.0178 | F97: =Programacion_PanesBudines!G8 -> 360 | G97: =E97*F97 -> 6.408
A98: =Programacion_PanesBudines!A8 -> Viernes | B98: =Programacion_PanesBudines!B8 -> Budin de vainilla / citricos | C98: =Programacion_PanesBudines!C8 -> B02 | D98: =Formulas!C143 -> GOMA XÁNTICA | E98: =Formulas!D143 -> 0.0089 | F98: =Programacion_PanesBudines!G8 -> 360 | G98: =E98*F98 -> 3.204
A99: =Programacion_PanesBudines!A8 -> Viernes | B99: =Programacion_PanesBudines!B8 -> Budin de vainilla / citricos | C99: =Programacion_PanesBudines!C8 -> B02 | D99: =Formulas!C144 -> PROPIONATO DE CALCIO | E99: =Formulas!D144 -> 0.0089 | F99: =Programacion_PanesBudines!G8 -> 360 | G99: =E99*F99 -> 3.204
A100: =Programacion_PanesBudines!A8 -> Viernes | B100: =Programacion_PanesBudines!B8 -> Budin de vainilla / citricos | C100: =Programacion_PanesBudines!C8 -> B02 | D100: =Formulas!C145 -> ESENCIA DE VAINILLA / NARANJA / LIMÓN | E100: =Formulas!D145 -> 0.01068 | F100: =Programacion_PanesBudines!G8 -> 360 | G100: =E100*F100 -> 3.8448
...

Sheet Resumen_PanesBudines
A1: Materia Prima | B1: Lunes | C1: Martes | D1: Miercoles | E1: Jueves | F1: Viernes | G1: Total Semana (kg)
A2: AGUA | B2: =SUMIFS(Detalle_Consumo_PanesBudines!$G:$G,Detalle_Consumo_PanesBudines!$A:$A,"Lunes",Detalle_Consumo_PanesBudines!$D:$D,$A2) -> 255.42 | C2: =SUMIFS(Detalle_Consumo_PanesBudines!$G:$G,Detalle_Consumo_PanesBudines!$A:$A,"Martes",Detalle_Consumo_PanesBudines!$D:$D,$A2) -> 110.664 | D2: =SUMIFS(Detalle_Consumo_PanesBudines!$G:$G,Detalle_Consumo_PanesBudines!$A:$A,"Miercoles",Detalle_Consumo_PanesBudines!$D:$D,$A2) -> 255.42 | E2: =SUMIFS(Detalle_Consumo_PanesBudines!$G:$G,Detalle_Consumo_PanesBudines!$A:$A,"Jueves",Detalle_Consumo_PanesBudines!$D:$D,$A2) -> 109.062 | F2: =SUMIFS(Detalle_Consumo_PanesBudines!$G:$G,Detalle_Consumo_PanesBudines!$A:$A,"Viernes",Detalle_Consumo_PanesBudines!$D:$D,$A2) -> 110.664 | G2: =SUM(B2:F2) -> 841.23
A3: HARINA DE ARROZ | B3: =SUMIFS(Detalle_Consumo_PanesBudines!$G:$G,Detalle_Consumo_PanesBudines!$A:$A,"Lunes",Detalle_Consumo_PanesBudines!$D:$D,$A3) -> 73.44 | C3: =SUMIFS(Detalle_Consumo_PanesBudines!$G:$G,Detalle_Consumo_PanesBudines!$A:$A,"Martes",Detalle_Consumo_PanesBudines!$D:$D,$A3) -> 65.682 | D3: =SUMIFS(Detalle_Consumo_PanesBudines!$G:$G,Detalle_Consumo_PanesBudines!$A:$A,"Miercoles",Detalle_Consumo_PanesBudines!$D:$D,$A3) -> 73.44 | E3: =SUMIFS(Detalle_Consumo_PanesBudines!$G:$G,Detalle_Consumo_PanesBudines!$A:$A,"Jueves",Detalle_Consumo_PanesBudines!$D:$D,$A3) -> 64.08 | F3: =SUMIFS(Detalle_Consumo_PanesBudines!$G:$G,Detalle_Consumo_PanesBudines!$A:$A,"Viernes",Detalle_Consumo_PanesBudines!$D:$D,$A3) -> 65.682 | G3: =SUM(B3:F3) -> 342.324
A4: FÉCULA DE MAÍZ | B4: =SUMIFS(Detalle_Consumo_PanesBudines!$G:$G,Detalle_Consumo_PanesBudines!$A:$A,"Lunes",Detalle_Consumo_PanesBudines!$D:$D,$A4) -> 55.08 | C4: =SUMIFS(Detalle_Consumo_PanesBudines!$G:$G,Detalle_Consumo_PanesBudines!$A:$A,"Martes",Detalle_Consumo_PanesBudines!$D:$D,$A4) -> 56.07 | D4: =SUMIFS(Detalle_Consumo_PanesBudines!$G:$G,Detalle_Consumo_PanesBudines!$A:$A,"Miercoles",Detalle_Consumo_PanesBudines!$D:$D,$A4) -> 55.08 | E4: =SUMIFS(Detalle_Consumo_PanesBudines!$G:$G,Detalle_Consumo_PanesBudines!$A:$A,"Jueves",Detalle_Consumo_PanesBudines!$D:$D,$A4) -> 54.468 | F4: =SUMIFS(Detalle_Consumo_PanesBudines!$G:$G,Detalle_Consumo_PanesBudines!$A:$A,"Viernes",Detalle_Consumo_PanesBudines!$D:$D,$A4) -> 56.07 | G4: =SUM(B4:F4) -> 276.768
A5: FÉCULA DE MANDIOCA | B5: =SUMIFS(Detalle_Consumo_PanesBudines!$G:$G,Detalle_Consumo_PanesBudines!$A:$A,"Lunes",Detalle_Consumo_PanesBudines!$D:$D,$A5) -> 45.9 | C5: =SUMIFS(Detalle_Consumo_PanesBudines!$G:$G,Detalle_Consumo_PanesBudines!$A:$A,"Martes",Detalle_Consumo_PanesBudines!$D:$D,$A5) -> 27.234 | D5: =SUMIFS(Detalle_Consumo_PanesBudines!$G:$G,Detalle_Consumo_PanesBudines!$A:$A,"Miercoles",Detalle_Consumo_PanesBudines!$D:$D,$A5) -> 45.9 | E5: =SUMIFS(Detalle_Consumo_PanesBudines!$G:$G,Detalle_Consumo_PanesBudines!$A:$A,"Jueves",Detalle_Consumo_PanesBudines!$D:$D,$A5) -> 25.632 | F5: =SUMIFS(Detalle_Consumo_PanesBudines!$G:$G,Detalle_Consumo_PanesBudines!$A:$A,"Viernes",Detalle_Consumo_PanesBudines!$D:$D,$A5) -> 27.234 | G5: =SUM(B5:F5) -> 171.9
A6: ACEITE DE GIRASOL ALTO OLEICO | B6: =SUMIFS(Detalle_Consumo_PanesBudines!$G:$G,Detalle_Consumo_PanesBudines!$A:$A,"Lunes",Detalle_Consumo_PanesBudines!$D:$D,$A6) -> 27.54 | C6: =SUMIFS(Detalle_Consumo_PanesBudines!$G:$G,Detalle_Consumo_PanesBudines!$A:$A,"Martes",Detalle_Consumo_PanesBudines!$D:$D,$A6) -> 0 | D6: =SUMIFS(Detalle_Consumo_PanesBudines!$G:$G,Detalle_Consumo_PanesBudines!$A:$A,"Miercoles",Detalle_Consumo_PanesBudines!$D:$D,$A6) -> 27.54 | E6: =SUMIFS(Detalle_Consumo_PanesBudines!$G:$G,Detalle_Consumo_PanesBudines!$A:$A,"Jueves",Detalle_Consumo_PanesBudines!$D:$D,$A6) -> 0 | F6: =SUMIFS(Detalle_Consumo_PanesBudines!$G:$G,Detalle_Consumo_PanesBudines!$A:$A,"Viernes",Detalle_Consumo_PanesBudines!$D:$D,$A6) -> 0 | G6: =SUM(B6:F6) -> 55.08
A7: AZÚCAR | B7: =SUMIFS(Detalle_Consumo_PanesBudines!$G:$G,Detalle_Consumo_PanesBudines!$A:$A,"Lunes",Detalle_Consumo_PanesBudines!$D:$D,$A7) -> 18.36 | C7: =SUMIFS(Detalle_Consumo_PanesBudines!$G:$G,Detalle_Consumo_PanesBudines!$A:$A,"Martes",Detalle_Consumo_PanesBudines!$D:$D,$A7) -> 102.528 | D7: =SUMIFS(Detalle_Consumo_PanesBudines!$G:$G,Detalle_Consumo_PanesBudines!$A:$A,"Miercoles",Detalle_Consumo_PanesBudines!$D:$D,$A7) -> 18.36 | E7: =SUMIFS(Detalle_Consumo_PanesBudines!$G:$G,Detalle_Consumo_PanesBudines!$A:$A,"Jueves",Detalle_Consumo_PanesBudines!$D:$D,$A7) -> 99.324 | F7: =SUMIFS(Detalle_Consumo_PanesBudines!$G:$G,Detalle_Consumo_PanesBudines!$A:$A,"Viernes",Detalle_Consumo_PanesBudines!$D:$D,$A7) -> 102.528 | G7: =SUM(B7:F7) -> 341.1
A8: LECHE EN POLVO | B8: =SUMIFS(Detalle_Consumo_PanesBudines!$G:$G,Detalle_Consumo_PanesBudines!$A:$A,"Lunes",Detalle_Consumo_PanesBudines!$D:$D,$A8) -> 18.36 | C8: =SUMIFS(Detalle_Consumo_PanesBudines!$G:$G,Detalle_Consumo_PanesBudines!$A:$A,"Martes",Detalle_Consumo_PanesBudines!$D:$D,$A8) -> 22.428 | D8: =SUMIFS(Detalle_Consumo_PanesBudines!$G:$G,Detalle_Consumo_PanesBudines!$A:$A,"Miercoles",Detalle_Consumo_PanesBudines!$D:$D,$A8) -> 18.36 | E8: =SUMIFS(Detalle_Consumo_PanesBudines!$G:$G,Detalle_Consumo_PanesBudines!$A:$A,"Jueves",Detalle_Consumo_PanesBudines!$D:$D,$A8) -> 20.826 | F8: =SUMIFS(Detalle_Consumo_PanesBudines!$G:$G,Detalle_Consumo_PanesBudines!$A:$A,"Viernes",Detalle_Consumo_PanesBudines!$D:$D,$A8) -> 22.428 | G8: =SUM(B8:F8) -> 102.402
A9: PSYLLIUM | B9: =SUMIFS(Detalle_Consumo_PanesBudines!$G:$G,Detalle_Consumo_PanesBudines!$A:$A,"Lunes",Detalle_Consumo_PanesBudines!$D:$D,$A9) -> 13.77 | C9: =SUMIFS(Detalle_Consumo_PanesBudines!$G:$G,Detalle_Consumo_PanesBudines!$A:$A,"Martes",Detalle_Consumo_PanesBudines!$D:$D,$A9) -> 0 | D9: =SUMIFS(Detalle_Consumo_PanesBudines!$G:$G,Detalle_Consumo_PanesBudines!$A:$A,"Miercoles",Detalle_Consumo_PanesBudines!$D:$D,$A9) -> 13.77 | E9: =SUMIFS(Detalle_Consumo_PanesBudines!$G:$G,Detalle_Consumo_PanesBudines!$A:$A,"Jueves",Detalle_Consumo_PanesBudines!$D:$D,$A9) -> 0 | F9: =SUMIFS(Detalle_Consumo_PanesBudines!$G:$G,Detalle_Consumo_PanesBudines!$A:$A,"Viernes",Detalle_Consumo_PanesBudines!$D:$D,$A9) -> 0 | G9: =SUM(B9:F9) -> 27.54
A10: FIBRA C 200 | B10: =SUMIFS(Detalle_Consumo_PanesBudines!$G:$G,Detalle_Consumo_PanesBudines!$A:$A,"Lunes",Detalle_Consumo_PanesBudines!$D:$D,$A10) -> 11.475 | C10: =SUMIFS(Detalle_Consumo_PanesBudines!$G:$G,Detalle_Consumo_PanesBudines!$A:$A,"Martes",Detalle_Consumo_PanesBudines!$D:$D,$A10) -> 0 | D10: =SUMIFS(Detalle_Consumo_PanesBudines!$G:$G,Detalle_Consumo_PanesBudines!$A:$A,"Miercoles",Detalle_Consumo_PanesBudines!$D:$D,$A10) -> 11.475 | E10: =SUMIFS(Detalle_Consumo_PanesBudines!$G:$G,Detalle_Consumo_PanesBudines!$A:$A,"Jueves",Detalle_Consumo_PanesBudines!$D:$D,$A10) -> 0 | F10: =SUMIFS(Detalle_Consumo_PanesBudines!$G:$G,Detalle_Consumo_PanesBudines!$A:$A,"Viernes",Detalle_Consumo_PanesBudines!$D:$D,$A10) -> 0 | G10: =SUM(B10:F10) -> 22.95
A11: LEVADURA | B11: =SUMIFS(Detalle_Consumo_PanesBudines!$G:$G,Detalle_Consumo_PanesBudines!$A:$A,"Lunes",Detalle_Consumo_PanesBudines!$D:$D,$A11) -> 9.18 | C11: =SUMIFS(Detalle_Consumo_PanesBudines!$G:$G,Detalle_Consumo_PanesBudines!$A:$A,"Martes",Detalle_Consumo_PanesBudines!$D:$D,$A11) -> 0 | D11: =SUMIFS(Detalle_Consumo_PanesBudines!$G:$G,Detalle_Consumo_PanesBudines!$A:$A,"Miercoles",Detalle_Consumo_PanesBudines!$D:$D,$A11) -> 9.18 | E11: =SUMIFS(Detalle_Consumo_PanesBudines!$G:$G,Detalle_Consumo_PanesBudines!$A:$A,"Jueves",Detalle_Consumo_PanesBudines!$D:$D,$A11) -> 0 | F11: =SUMIFS(Detalle_Consumo_PanesBudines!$G:$G,Detalle_Consumo_PanesBudines!$A:$A,"Viernes",Detalle_Consumo_PanesBudines!$D:$D,$A11) -> 0 | G11: =SUM(B11:F11) -> 18.36
A12: GOMA XÁNTICA | B12: =SUMIFS(Detalle_Consumo_PanesBudines!$G:$G,Detalle_Consumo_PanesBudines!$A:$A,"Lunes",Detalle_Consumo_PanesBudines!$D:$D,$A12) -> 6.885 | C12: =SUMIFS(Detalle_Consumo_PanesBudines!$G:$G,Detalle_Consumo_PanesBudines!$A:$A,"Martes",Detalle_Consumo_PanesBudines!$D:$D,$A12) -> 4.806 | D12: =SUMIFS(Detalle_Consumo_PanesBudines!$G:$G,Detalle_Consumo_PanesBudines!$A:$A,"Miercoles",Detalle_Consumo_PanesBudines!$D:$D,$A12) -> 6.885 | E12: =SUMIFS(Detalle_Consumo_PanesBudines!$G:$G,Detalle_Consumo_PanesBudines!$A:$A,"Jueves",Detalle_Consumo_PanesBudines!$D:$D,$A12) -> 4.806 | F12: =SUMIFS(Detalle_Consumo_PanesBudines!$G:$G,Detalle_Consumo_PanesBudines!$A:$A,"Viernes",Detalle_Consumo_PanesBudines!$D:$D,$A12) -> 4.806 | G12: =SUM(B12:F12) -> 28.188
A13: SAL | B13: =SUMIFS(Detalle_Consumo_PanesBudines!$G:$G,Detalle_Consumo_PanesBudines!$A:$A,"Lunes",Detalle_Consumo_PanesBudines!$D:$D,$A13) -> 4.59 | C13: =SUMIFS(Detalle_Consumo_PanesBudines!$G:$G,Detalle_Consumo_PanesBudines!$A:$A,"Martes",Detalle_Consumo_PanesBudines!$D:$D,$A13) -> 2.0826 | D13: =SUMIFS(Detalle_Consumo_PanesBudines!$G:$G,Detalle_Consumo_PanesBudines!$A:$A,"Miercoles",Detalle_Consumo_PanesBudines!$D:$D,$A13) -> 4.59 | E13: =SUMIFS(Detalle_Consumo_PanesBudines!$G:$G,Detalle_Consumo_PanesBudines!$A:$A,"Jueves",Detalle_Consumo_PanesBudines!$D:$D,$A13) -> 1.7622 | F13: =SUMIFS(Detalle_Consumo_PanesBudines!$G:$G,Detalle_Consumo_PanesBudines!$A:$A,"Viernes",Detalle_Consumo_PanesBudines!$D:$D,$A13) -> 2.0826 | G13: =SUM(B13:F13) -> 15.1074
... A22: ESENCIA DE VAINILLA | B22: =SUMIFS(Detalle_Consumo_PanesBudines!$G:$G,Detalle_Consumo_PanesBudines!$A:$A,"Lunes",Detalle_Consumo_PanesBudines!$D:$D,$A22) -> 0 | C22: =SUMIFS(Detalle_Consumo_PanesBudines!$G:$G,Detalle_Consumo_PanesBudines!$A:$A,"Martes",Detalle_Consumo_PanesBudines!$D:$D,$A22) -> 0.801 | D22: =SUMIFS(Detalle_Consumo_PanesBudines!$G:$G,Detalle_Consumo_PanesBudines!$A:$A,"Miercoles",Detalle_Consumo_PanesBudines!$D:$D,$A22) -> 0 | E22: =SUMIFS(Detalle_Consumo_PanesBudines!$G:$G,Detalle_Consumo_PanesBudines!$A:$A,"Jueves",Detalle_Consumo_PanesBudines!$D:$D,$A22) -> 1.602 | F22: =SUMIFS(Detalle_Consumo_PanesBudines!$G:$G,Detalle_Consumo_PanesBudines!$A:$A,"Viernes",Detalle_Consumo_PanesBudines!$D:$D,$A22) -> 0.801 | G22: =SUM(B22:F22) -> 3.204
A23: TOTAL GENERAL (kg) | B23: =SUM(B2:B22) -> 540 | C23: =SUM(C2:C22) -> 540 | D23: =SUM(D2:D22) -> 540 | E23: =SUM(E2:E22) -> 540 | F23: =SUM(F2:F22) -> 540 | G23: =SUM(G2:G22) -> 2700

Sheet Resumen_2Semanas
A1: CONSUMO DE MATERIA PRIMA - TOTAL 2 SEMANAS (Galletitas + Panes y Budines)
A5: Materia Prima | B5: Galletitas Sem 1 (kg) | C5: Galletitas Sem 2 (kg) | D5: Panes y Budines Sem 1 (kg) | E5: Panes y Budines Sem 2 (kg) | F5: TOTAL 2 Semanas (kg) | G5: Peso de pallet | H5: Pallets por producto cada 2 semanas
A6: FÉCULA DE MAÍZ | B6: =SUMIF(Resumen_Semana1!$A$2:$A$35,$A6,Resumen_Semana1!$G$2:$G$35) -> 1861.2648 | C6: =SUMIF(Resumen_Semana2!$A$2:$A$28,$A6,Resumen_Semana2!$G$2:$G$28) -> 2232 | D6: =SUMIF(Resumen_PanesBudines!$A$2:$A$22,$A6,Resumen_PanesBudines!$G$2:$G$22) -> 276.768 | E6: =SUMIF(Resumen_PanesBudines!$A$2:$A$22,$A6,Resumen_PanesBudines!$G$2:$G$22) -> 276.768 | F6: =SUM(B6:E6) -> 4646.8008 | G6: 1000 | H6: =+F6/G6 -> 4.6468008 | I6: 5
A7: HARINA DE ARROZ | B7: =SUMIF(Resumen_Semana1!$A$2:$A$35,$A7,Resumen_Semana1!$G$2:$G$35) -> 1631.8152 | C7: =SUMIF(Resumen_Semana2!$A$2:$A$28,$A7,Resumen_Semana2!$G$2:$G$28) -> 1634.94 | D7: =SUMIF(Resumen_PanesBudines!$A$2:$A$22,$A7,Resumen_PanesBudines!$G$2:$G$22) -> 342.324 | E7: =SUMIF(Resumen_PanesBudines!$A$2:$A$22,$A7,Resumen_PanesBudines!$G$2:$G$22) -> 342.324 | F7: =SUM(B7:E7) -> 3951.4032 | G7: 1000 | H7: =+F7/G7 -> 3.9514032 | I7: 5
A8: ACEITE VEGETAL INTERESTERIFICADO | B8: =SUMIF(Resumen_Semana1!$A$2:$A$35,$A8,Resumen_Semana1!$G$2:$G$35) -> 877.6224 | C8: =SUMIF(Resumen_Semana2!$A$2:$A$28,$A8,Resumen_Semana2!$G$2:$G$28) -> 1233.18 | D8: =SUMIF(Resumen_PanesBudines!$A$2:$A$22,$A8,Resumen_PanesBudines!$G$2:$G$22) -> 0 | E8: =SUMIF(Resumen_PanesBudines!$A$2:$A$22,$A8,Resumen_PanesBudines!$G$2:$G$22) -> 0 | F8: =SUM(B8:E8) -> 2110.8024 | G8: 960 | H8: =+F8/G8 -> 2.1987525 | I8: 3
A9: AZÚCAR | B9: =SUMIF(Resumen_Semana1!$A$2:$A$35,$A9,Resumen_Semana1!$G$2:$G$35) -> 988.776 | C9: =SUMIF(Resumen_Semana2!$A$2:$A$28,$A9,Resumen_Semana2!$G$2:$G$28) -> 1071.36 | D9: =SUMIF(Resumen_PanesBudines!$A$2:$A$22,$A9,Resumen_PanesBudines!$G$2:$G$22) -> 341.1 | E9: =SUMIF(Resumen_PanesBudines!$A$2:$A$22,$A9,Resumen_PanesBudines!$G$2:$G$22) -> 341.1 | F9: =SUM(B9:E9) -> 2742.336 | G9: 1500 | H9: =+F9/G9 -> 1.828224 | I9: 2
A10: MERMELADA DE BATATA | B10: =SUMIF(Resumen_Semana1!$A$2:$A$35,$A10,Resumen_Semana1!$G$2:$G$35) -> 874.944 | C10: =SUMIF(Resumen_Semana2!$A$2:$A$28,$A10,Resumen_Semana2!$G$2:$G$28) -> 0 | D10: =SUMIF(Resumen_PanesBudines!$A$2:$A$22,$A10,Resumen_PanesBudines!$G$2:$G$22) -> 0 | E10: =SUMIF(Resumen_PanesBudines!$A$2:$A$22,$A10,Resumen_PanesBudines!$G$2:$G$22) -> 0 | F10: =SUM(B10:E10) -> 874.944 | G10: 500 | H10: =+F10/G10 -> 1.749888 | I10: 2
A11: JARABE DE GLUCOSA | B11: =SUMIF(Resumen_Semana1!$A$2:$A$35,$A11,Resumen_Semana1!$G$2:$G$35) -> 192.8448 | C11: =SUMIF(Resumen_Semana2!$A$2:$A$28,$A11,Resumen_Semana2!$G$2:$G$28) -> 435.24 | D11: =SUMIF(Resumen_PanesBudines!$A$2:$A$22,$A11,Resumen_PanesBudines!$G$2:$G$22) -> 0 | E11: =SUMIF(Resumen_PanesBudines!$A$2:$A$22,$A11,Resumen_PanesBudines!$G$2:$G$22) -> 0 | F11: =SUM(B11:E11) -> 628.0848 | G11: 1500 | H11: =+F11/G11 -> 0.4187232 | I11: 0.5
A12: FÉCULA DE MANDIOCA | B12: =SUMIF(Resumen_Semana1!$A$2:$A$35,$A12,Resumen_Semana1!$G$2:$G$35) -> 245.52 | C12: =SUMIF(Resumen_Semana2!$A$2:$A$28,$A12,Resumen_Semana2!$G$2:$G$28) -> 0 | D12: =SUMIF(Resumen_PanesBudines!$A$2:$A$22,$A12,Resumen_PanesBudines!$G$2:$G$22) -> 171.9 | E12: =SUMIF(Resumen_PanesBudines!$A$2:$A$22,$A12,Resumen_PanesBudines!$G$2:$G$22) -> 171.9 | F12: =SUM(B12:E12) -> 589.32 | G12: 1500 | H12: =+F12/G12 -> 0.39288 | I12: 1
A13: CACAO ALCALINO | B13: =SUMIF(Resumen_Semana1!$A$2:$A$35,$A13,Resumen_Semana1!$G$2:$G$35) -> 278.5536 | C13: =SUMIF(Resumen_Semana2!$A$2:$A$28,$A13,Resumen_Semana2!$G$2:$G$28) -> 245.52 | D13: =SUMIF(Resumen_PanesBudines!$A$2:$A$22,$A13,Resumen_PanesBudines!$G$2:$G$22) -> 0 | E13: =SUMIF(Resumen_PanesBudines!$A$2:$A$22,$A13,Resumen_PanesBudines!$G$2:$G$22) -> 0 | F13: =SUM(B13:E13) -> 524.0736 | G13: 900 | H13: =+F13/G13 -> 0.582304 | I13: 1
A14: CHIPS DE CHOCOLATE | B14: =SUMIF(Resumen_Semana1!$A$2:$A$35,$A14,Resumen_Semana1!$G$2:$G$35) -> 0 | C14: =SUMIF(Resumen_Semana2!$A$2:$A$28,$A14,Resumen_Semana2!$G$2:$G$28) -> 401.76 | D14: =SUMIF(Resumen_PanesBudines!$A$2:$A$22,$A14,Resumen_PanesBudines!$G$2:$G$22) -> 57.672 | E14: =SUMIF(Resumen_PanesBudines!$A$2:$A$22,$A14,Resumen_PanesBudines!$G$2:$G$22) -> 57.672 | F14: =SUM(B14:E14) -> 517.104 | G14: 800 | H14: =+F14/G14 -> 0.64638 | I14: 1
A15: MARGARINA | B15: =SUMIF(Resumen_Semana1!$A$2:$A$35,$A15,Resumen_Semana1!$G$2:$G$35) -> 0 | C15: =SUMIF(Resumen_Semana2!$A$2:$A$28,$A15,Resumen_Semana2!$G$2:$G$28) -> 0 | D15: =SUMIF(Resumen_PanesBudines!$A$2:$A$22,$A15,Resumen_PanesBudines!$G$2:$G$22) -> 224.28 | E15: =SUMIF(Resumen_PanesBudines!$A$2:$A$22,$A15,Resumen_PanesBudines!$G$2:$G$22) -> 224.28 | F15: =SUM(B15:E15) -> 448.56 | G15: 600 | H15: =+F15/G15 -> 0.7476 | I15: 1
A16: HUEVO EN POLVO DESHIDRATADO | B16: =SUMIF(Resumen_Semana1!$A$2:$A$35,$A16,Resumen_Semana1!$G$2:$G$35) -> 94.86 | C16: =SUMIF(Resumen_Semana2!$A$2:$A$28,$A16,Resumen_Semana2!$G$2:$G$28) -> 89.28 | D16: =SUMIF(Resumen_PanesBudines!$A$2:$A$22,$A16,Resumen_PanesBudines!$G$2:$G$22) -> 86.508 | E16: =SUMIF(Resumen_PanesBudines!$A$2:$A$22,$A16,Resumen_PanesBudines!$G$2:$G$22) -> 86.508 | F16: =SUM(B16:E16) -> 357.156 | G16: 500 | H16: =+F16/G16 -> 0.714312 | I16: 1
A17: JARABE DE MAÍZ ALTA FRUCTOSA | B17: =SUMIF(Resumen_Semana1!$A$2:$A$35,$A17,Resumen_Semana1!$G$2:$G$35) -> 353.5488 | C17: =SUMIF(Resumen_Semana2!$A$2:$A$28,$A17,Resumen_Semana2!$G$2:$G$28) -> 0 | D17: =SUMIF(Resumen_PanesBudines!$A$2:$A$22,$A17,Resumen_PanesBudines!$G$2:$G$22) -> 0 | E17: =SUMIF(Resumen_PanesBudines!$A$2:$A$22,$A17,Resumen_PanesBudines!$G$2:$G$22) -> 0 | F17: =SUM(B17:E17) -> 353.5488 | G17: 500 | H17: =+F17/G17 -> 0.7070976 | I17: 1
... A23: QUESO DESCREMADO EN POLVO | B23: =SUMIF(Resumen_Semana1!$A$2:$A$35,$A23,Resumen_Semana1!$G$2:$G$35) -> 145.08 | C23: =SUMIF(Resumen_Semana2!$A$2:$A$28,$A23,Resumen_Semana2!$G$2:$G$28) -> 0 | D23: =SUMIF(Resumen_PanesBudines!$A$2:$A$22,$A23,Resumen_PanesBudines!$G$2:$G$22) -> 0 | E23: =SUMIF(Resumen_PanesBudines!$A$2:$A$22,$A23,Resumen_PanesBudines!$G$2:$G$22) -> 0 | F23: =SUM(B23:E23) -> 145.08 | G23: 200 | H23: =+F23/G23 -> 0.7254 | I23: 1
A24: ACEITE DE GIRASOL ALTO OLEICO | B24: =SUMIF(Resumen_Semana1!$A$2:$A$35,$A24,Resumen_Semana1!$G$2:$G$35) -> 122.76 | C24: =SUMIF(Resumen_Semana2!$A$2:$A$28,$A24,Resumen_Semana2!$G$2:$G$28) -> 0 | D24: =SUMIF(Resumen_PanesBudines!$A$2:$A$22,$A24,Resumen_PanesBudines!$G$2:$G$22) -> 55.08 | E24: =SUMIF(Resumen_PanesBudines!$A$2:$A$22,$A24,Resumen_PanesBudines!$G$2:$G$22) -> 55.08 | F24: =SUM(B24:E24) -> 232.92 | H24: =+F24/G24 -> #DIV/0!
A25: SAL | B25: =SUMIF(Resumen_Semana1!$A$2:$A$35,$A25,Resumen_Semana1!$G$2:$G$35) -> 27.342 | C25: =SUMIF(Resumen_Semana2!$A$2:$A$28,$A25,Resumen_Semana2!$G$2:$G$28) -> 36.27 | D25: =SUMIF(Resumen_PanesBudines!$A$2:$A$22,$A25,Resumen_PanesBudines!$G$2:$G$22) -> 15.1074 | E25: =SUMIF(Resumen_PanesBudines!$A$2:$A$22,$A25,Resumen_PanesBudines!$G$2:$G$22) -> 15.1074 | F25: =SUM(B25:E25) -> 93.8268 | H25: =+F25/G25 -> #DIV/0!
A26: FIBRA DE BAMBÚ | B26: =SUMIF(Resumen_Semana1!$A$2:$A$35,$A26,Resumen_Semana1!$G$2:$G$35) -> 22.32 | C26: =SUMIF(Resumen_Semana2!$A$2:$A$28,$A26,Resumen_Semana2!$G$2:$G$28) -> 66.96 | D26: =SUMIF(Resumen_PanesBudines!$A$2:$A$22,$A26,Resumen_PanesBudines!$G$2:$G$22) -> 0 | E26: =SUMIF(Resumen_PanesBudines!$A$2:$A$22,$A26,Resumen_PanesBudines!$G$2:$G$22) -> 0 | F26: =SUM(B26:E26) -> 89.28 | H26: =+F26/G26 -> #DIV/0!
A27: MIEL | B27: =SUMIF(Resumen_Semana1!$A$2:$A$35,$A27,Resumen_Semana1!$G$2:$G$35) -> 0 | C27: =SUMIF(Resumen_Semana2!$A$2:$A$28,$A27,Resumen_Semana2!$G$2:$G$28) -> 89.28 | D27: =SUMIF(Resumen_PanesBudines!$A$2:$A$22,$A27,Resumen_PanesBudines!$G$2:$G$22) -> 0 | E27: =SUMIF(Resumen_PanesBudines!$A$2:$A$22,$A27,Resumen_PanesBudines!$G$2:$G$22) -> 0 | F27: =SUM(B27:E27) -> 89.28 | H27: =+F27/G27 -> #DIV/0!
A28: EDULZUGAR | B28: =SUMIF(Resumen_Semana1!$A$2:$A$35,$A28,Resumen_Semana1!$G$2:$G$35) -> 0 | C28: =SUMIF(Resumen_Semana2!$A$2:$A$28,$A28,Resumen_Semana2!$G$2:$G$28) -> 83.7 | D28: =SUMIF(Resumen_PanesBudines!$A$2:$A$22,$A28,Resumen_PanesBudines!$G$2:$G$22) -> 0 | E28: =SUMIF(Resumen_PanesBudines!$A$2:$A$22,$A28,Resumen_PanesBudines!$G$2:$G$22) -> 0 | F28: =SUM(B28:E28) -> 83.7 | H28: =+F28/G28 -> #DIV/0!
A29: BICARBONATO DE SODIO | B29: =SUMIF(Resumen_Semana1!$A$2:$A$35,$A29,Resumen_Semana1!$G$2:$G$35) -> 24.552 | C29: =SUMIF(Resumen_Semana2!$A$2:$A$28,$A29,Resumen_Semana2!$G$2:$G$28) -> 50.22 | D29: =SUMIF(Resumen_PanesBudines!$A$2:$A$22,$A29,Resumen_PanesBudines!$G$2:$G$22) -> 0 | E29: =SUMIF(Resumen_PanesBudines!$A$2:$A$22,$A29,Resumen_PanesBudines!$G$2:$G$22) -> 0 | F29: =SUM(B29:E29) -> 74.772 | H29: =+F29/G29 -> #DIV/0!
A30: PSYLLIUM | B30: =SUMIF(Resumen_Semana1!$A$2:$A$35,$A30,Resumen_Semana1!$G$2:$G$35) -> 16.74 | C30: =SUMIF(Resumen_Semana2!$A$2:$A$28,$A30,Resumen_Semana2!$G$2:$G$28) -> 0 | D30: =SUMIF(Resumen_PanesBudines!$A$2:$A$22,$A30,Resumen_PanesBudines!$G$2:$G$22) -> 27.54 | E30: =SUMIF(Resumen_PanesBudines!$A$2:$A$22,$A30,Resumen_PanesBudines!$G$2:$G$22) -> 27.54 | F30: =SUM(B30:E30) -> 71.82 | H30: =+F30/G30 -> #DIV/0!
A31: PROPIONATO DE CALCIO | B31: =SUMIF(Resumen_Semana1!$A$2:$A$35,$A31,Resumen_Semana1!$G$2:$G$35) -> 0 | C31: =SUMIF(Resumen_Semana2!$A$2:$A$28,$A31,Resumen_Semana2!$G$2:$G$28) -> 39.06 | D31: =SUMIF(Resumen_PanesBudines!$A$2:$A$22,$A31,Resumen_PanesBudines!$G$2:$G$22) -> 14.418 | E31: =SUMIF(Resumen_PanesBudines!$A$2:$A$22,$A31,Resumen_PanesBudines!$G$2:$G$22) -> 14.418 | F31: =SUM(B31:E31) -> 67.896 | H31: =+F31/G31 -> #DIV/0!
A32: QUESO RALLADO | B32: =SUMIF(Resumen_Semana1!$A$2:$A$35,$A32,Resumen_Semana1!$G$2:$G$35) -> 66.96 | C32: =SUMIF(Resumen_Semana2!$A$2:$A$28,$A32,Resumen_Semana2!$G$2:$G$28) -> 0 | D32: =SUMIF(Resumen_PanesBudines!$A$2:$A$22,$A32,Resumen_PanesBudines!$G$2:$G$22) -> 0 | E32: =SUMIF(Resumen_PanesBudines!$A$2:$A$22,$A32,Resumen_PanesBudines!$G$2:$G$22) -> 0 | F32: =SUM(B32:E32) -> 66.96 | H32: =+F32/G32 -> #DIV/0!
A33: DEXTROSA | B33: =SUMIF(Resumen_Semana1!$A$2:$A$35,$A33,Resumen_Semana1!$G$2:$G$35) -> 66.96 | C33: =SUMIF(Resumen_Semana2!$A$2:$A$28,$A33,Resumen_Semana2!$G$2:$G$28) -> 0 | D33: =SUMIF(Resumen_PanesBudines!$A$2:$A$22,$A33,Resumen_PanesBudines!$G$2:$G$22) -> 0 | E33: =SUMIF(Resumen_PanesBudines!$A$2:$A$22,$A33,Resumen_PanesBudines!$G$2:$G$22) -> 0 | F33: =SUM(B33:E33) -> 66.96 | H33: =+F33/G33 -> #DIV/0!
A34: BICARBONATO DE AMONIO | B34: =SUMIF(Resumen_Semana1!$A$2:$A$35,$A34,Resumen_Semana1!$G$2:$G$35) -> 0 | C34: =SUMIF(Resumen_Semana2!$A$2:$A$28,$A34,Resumen_Semana2!$G$2:$G$28) -> 66.96 | D34: =SUMIF(Resumen_PanesBudines!$A$2:$A$22,$A34,Resumen_PanesBudines!$G$2:$G$22) -> 0 | E34: =SUMIF(Resumen_PanesBudines!$A$2:$A$22,$A34,Resumen_PanesBudines!$G$2:$G$22) -> 0 | F34: =SUM(B34:E34) -> 66.96 | H34: =+F34/G34 -> #DIV/0!
A35: CLARA DE HUEVO EN POLVO | B35: =SUMIF(Resumen_Semana1!$A$2:$A$35,$A35,Resumen_Semana1!$G$2:$G$35) -> 55.8 | C35: =SUMIF(Resumen_Semana2!$A$2:$A$28,$A35,Resumen_Semana2!$G$2:$G$28) -> 0 | D35: =SUMIF(Resumen_PanesBudines!$A$2:$A$22,$A35,Resumen_PanesBudines!$G$2:$G$22) -> 0 | E35: =SUMIF(Resumen_PanesBudines!$A$2:$A$22,$A35,Resumen_PanesBudines!$G$2:$G$22) -> 0 | F35: =SUM(B35:E35) -> 55.8 | H35: =+F35/G35 -> #DIV/0!
... A50: ÁCIDO CÍTRICO | B50: =SUMIF(Resumen_Semana1!$A$2:$A$35,$A50,Resumen_Semana1!$G$2:$G$35) -> 6.2496 | C50: =SUMIF(Resumen_Semana2!$A$2:$A$28,$A50,Resumen_Semana2!$G$2:$G$28) -> 0 | D50: =SUMIF(Resumen_PanesBudines!$A$2:$A$22,$A50,Resumen_PanesBudines!$G$2:$G$22) -> 0 | E50: =SUMIF(Resumen_PanesBudines!$A$2:$A$22,$A50,Resumen_PanesBudines!$G$2:$G$22) -> 0 | F50: =SUM(B50:E50) -> 6.2496 | H50: =+F50/G50 -> #DIV/0!
A51: TOTAL GENERAL (kg) | B51: =SUM(B6:B50) -> 8370 | C51: =SUM(C6:C50) -> 8370 | D51: =SUM(D6:D50) -> 1858.77 | E51: =SUM(E6:E50) -> 1858.77 | F51: =SUM(F6:F50) -> 20457.54
