Workbook

Sheet Lote Óptimo MP
A1: Lote Óptimo, Stock de Seguridad y Punto de Reorden — Materias Primas CELI
A3: Parámetros del modelo
A4: Tasa de posesión anual (i) | C4: 0.22
A5: Ajuste manual de SS (% del consumo prom. semanal) | C5: 0.15
A6: Costo por incumplir el mínimo de compra sin cargo ($/viaje) | C6: 110000
A7: Costo de emitir un pedido, K ($/pedido) | C7: 18181.82
A10: Materia Prima | B10: Consumo Semana 1 (kg) | C10: Consumo Semana 2 (kg) | D10: Consumo prom. semanal (kg) | E10: Consumo máx. semanal (kg) | F10: Consumo bisemanal (kg) | G10: Demanda anual D (kg/año) | H10: Costo unitario Cu ($/kg) | I10: Mínimo proveedor Qmin (kg) | J10: Tiempo de entrega Tp (días) | K10: Frecuencia de pedido (semanas) | L10: N° pedidos /año | M10: Lote Óptimo Lo (kg) | N10: ¿Ajustar SS con 15%? | O10: SS método Cmax-Cprom (kg) | P10: SS ajustado 15% (kg) | Q10: SS final (kg) | R10: Consumo diario prom. (kg/día) | S10: Punto de Reorden (kg) | T10: PR / Lote (%) | U10: Calm ($) | V10: Css ($) | W10: Citem ($) | X10: Cadq ($) | Y10: CTS ($) | Z10: Consumo según frecuencia (kg) | AA10: ¿Qué define el Lote?
A11: Fécula de maíz | B11: 2138 | C11: 2509 | D11: =AVERAGE(B11:C11) -> 2323.5 | E11: =MAX(B11:C11) -> 2509 | F11: =B11+C11 -> 4647 | G11: =F11*26 -> 120822 | H11: 850 | I11: 5000 | J11: 2 | K11: 2 | L11: =52/K11 -> 26 | M11: =MAX(F11*(K11/2),I11) -> 5000 | N11: Sí | O11: =(E11-D11)/7*J11 -> 53 | P11: =$C$5*D11 -> 348.525 | Q11: =IF(N11="Sí",P11,O11) -> 348.525 | R11: =D11/7 -> 331.92857 | S11: =R11*J11+Q11 -> 1012.3821 | T11: =S11/M11 -> 0.20247643 | U11: =0.5*M11*$C$4*H11 -> 467500 | V11: =Q11*$C$4*H11 -> 65174.175 | W11: =H11*G11 -> 102698700 | X11: =$C$7*L11 -> 472727.32 | Y11: =U11+V11+W11+X11 -> 1.037041e+08 | Z11: =F11*(K11/2) -> 4647 | AA11: =IF(I11>=Z11,"Mínimo del proveedor (evita pagar $110.000 de flete)","Consumo del período (ya supera el mínimo)") -> Mínimo del proveedor (evita pagar $110.000 de flete)
A12: Harina de arroz | B12: 1974 | C12: 1977 | D12: =AVERAGE(B12:C12) -> 1975.5 | E12: =MAX(B12:C12) -> 1977 | F12: =B12+C12 -> 3951 | G12: =F12*26 -> 102726 | H12: 700 | I12: 4000 | J12: 5 | K12: 2 | L12: =52/K12 -> 26 | M12: =MAX(F12*(K12/2),I12) -> 4000 | N12: Sí | O12: =(E12-D12)/7*J12 -> 1.0714286 | P12: =$C$5*D12 -> 296.325 | Q12: =IF(N12="Sí",P12,O12) -> 296.325 | R12: =D12/7 -> 282.21429 | S12: =R12*J12+Q12 -> 1707.3964 | T12: =S12/M12 -> 0.42684911 | U12: =0.5*M12*$C$4*H12 -> 308000 | V12: =Q12*$C$4*H12 -> 45634.05 | W12: =H12*G12 -> 71908200 | X12: =$C$7*L12 -> 472727.32 | Y12: =U12+V12+W12+X12 -> 72734561 | Z12: =F12*(K12/2) -> 3951 | AA12: =IF(I12>=Z12,"Mínimo del proveedor (evita pagar $110.000 de flete)","Consumo del período (ya supera el mínimo)") -> Mínimo del proveedor (evita pagar $110.000 de flete)
A13: Aceite vegetal interesterificado | B13: 878 | C13: 1233 | D13: =AVERAGE(B13:C13) -> 1055.5 | E13: =MAX(B13:C13) -> 1233 | F13: =B13+C13 -> 2111 | G13: =F13*26 -> 54886 | H13: 4200 | I13: 1920 | J13: 4 | K13: 2 | L13: =52/K13 -> 26 | M13: =MAX(F13*(K13/2),I13) -> 2111 | N13: No | O13: =(E13-D13)/7*J13 -> 101.42857 | P13: =$C$5*D13 -> 158.325 | Q13: =IF(N13="Sí",P13,O13) -> 101.42857 | R13: =D13/7 -> 150.78571 | S13: =R13*J13+Q13 -> 704.57143 | T13: =S13/M13 -> 0.33376193 | U13: =0.5*M13*$C$4*H13 -> 975282 | V13: =Q13*$C$4*H13 -> 93720 | W13: =H13*G13 -> 230521200 | X13: =$C$7*L13 -> 472727.32 | Y13: =U13+V13+W13+X13 -> 2.3206293e+08 | Z13: =F13*(K13/2) -> 2111 | AA13: =IF(I13>=Z13,"Mínimo del proveedor (evita pagar $110.000 de flete)","Consumo del período (ya supera el mínimo)") -> Consumo del período (ya supera el mínimo)
A14: Azúcar | B14: 1330 | C14: 1412 | D14: =AVERAGE(B14:C14) -> 1371 | E14: =MAX(B14:C14) -> 1412 | F14: =B14+C14 -> 2742 | G14: =F14*26 -> 71292 | H14: 981 | I14: 3000 | J14: 2 | K14: 2 | L14: =52/K14 -> 26 | M14: =MAX(F14*(K14/2),I14) -> 3000 | N14: Sí | O14: =(E14-D14)/7*J14 -> 11.714286 | P14: =$C$5*D14 -> 205.65 | Q14: =IF(N14="Sí",P14,O14) -> 205.65 | R14: =D14/7 -> 195.85714 | S14: =R14*J14+Q14 -> 597.36429 | T14: =S14/M14 -> 0.19912143 | U14: =0.5*M14*$C$4*H14 -> 323730 | V14: =Q14*$C$4*H14 -> 44383.383 | W14: =H14*G14 -> 69937452 | X14: =$C$7*L14 -> 472727.32 | Y14: =U14+V14+W14+X14 -> 70778293 | Z14: =F14*(K14/2) -> 2742 | AA14: =IF(I14>=Z14,"Mínimo del proveedor (evita pagar $110.000 de flete)","Consumo del período (ya supera el mínimo)") -> Mínimo del proveedor (evita pagar $110.000 de flete)
A15: Mermelada de batata | B15: 875 | C15: 0 | D15: =AVERAGE(B15:C15) -> 437.5 | E15: =MAX(B15:C15) -> 875 | F15: =B15+C15 -> 875 | G15: =F15*26 -> 22750 | H15: 2000 | I15: 800 | J15: 7 | K15: 2 | L15: =52/K15 -> 26 | M15: =MAX(F15*(K15/2),I15) -> 875 | N15: No | O15: =(E15-D15)/7*J15 -> 437.5 | P15: =$C$5*D15 -> 65.625 | Q15: =IF(N15="Sí",P15,O15) -> 437.5 | R15: =D15/7 -> 62.5 | S15: =R15*J15+Q15 -> 875 | T15: =S15/M15 -> 1 | U15: =0.5*M15*$C$4*H15 -> 192500 | V15: =Q15*$C$4*H15 -> 192500 | W15: =H15*G15 -> 45500000 | X15: =$C$7*L15 -> 472727.32 | Y15: =U15+V15+W15+X15 -> 46357727 | Z15: =F15*(K15/2) -> 875 | AA15: =IF(I15>=Z15,"Mínimo del proveedor (evita pagar $110.000 de flete)","Consumo del período (ya supera el mínimo)") -> Consumo del período (ya supera el mínimo)
A16: Jarabe de glucosa | B16: 193 | C16: 435 | D16: =AVERAGE(B16:C16) -> 314 | E16: =MAX(B16:C16) -> 435 | F16: =B16+C16 -> 628 | G16: =F16*26 -> 16328 | H16: 1315 | I16: 180 | J16: 2 | K16: 2 | L16: =52/K16 -> 26 | M16: =MAX(F16*(K16/2),I16) -> 628 | N16: No | O16: =(E16-D16)/7*J16 -> 34.571429 | P16: =$C$5*D16 -> 47.1 | Q16: =IF(N16="Sí",P16,O16) -> 34.571429 | R16: =D16/7 -> 44.857143 | S16: =R16*J16+Q16 -> 124.28571 | T16: =S16/M16 -> 0.19790719 | U16: =0.5*M16*$C$4*H16 -> 90840.2 | V16: =Q16*$C$4*H16 -> 10001.514 | W16: =H16*G16 -> 21471320 | X16: =$C$7*L16 -> 472727.32 | Y16: =U16+V16+W16+X16 -> 22044889 | Z16: =F16*(K16/2) -> 628 | AA16: =IF(I16>=Z16,"Mínimo del proveedor (evita pagar $110.000 de flete)","Consumo del período (ya supera el mínimo)") -> Consumo del período (ya supera el mínimo)
A17: Fécula de mandioca | B17: 417 | C17: 172 | D17: =AVERAGE(B17:C17) -> 294.5 | E17: =MAX(B17:C17) -> 417 | F17: =B17+C17 -> 589 | G17: =F17*26 -> 15314 | H17: 1380 | I17: 4000 | J17: 2 | K17: 14 | L17: =52/K17 -> 3.7142857 | M17: =MAX(F17*(K17/2),I17) -> 4123 | N17: No | O17: =(E17-D17)/7*J17 -> 35 | P17: =$C$5*D17 -> 44.175 | Q17: =IF(N17="Sí",P17,O17) -> 35 | R17: =D17/7 -> 42.071429 | S17: =R17*J17+Q17 -> 119.14286 | T17: =S17/M17 -> 0.028897128 | U17: =0.5*M17*$C$4*H17 -> 625871.4 | V17: =Q17*$C$4*H17 -> 10626 | W17: =H17*G17 -> 21133320 | X17: =$C$7*L17 -> 67532.474 | Y17: =U17+V17+W17+X17 -> 21837350 | Z17: =F17*(K17/2) -> 4123 | AA17: =IF(I17>=Z17,"Mínimo del proveedor (evita pagar $110.000 de flete)","Consumo del período (ya supera el mínimo)") -> Consumo del período (ya supera el mínimo)
A18: Cacao alcalino | B18: 279 | C18: 246 | D18: =AVERAGE(B18:C18) -> 262.5 | E18: =MAX(B18:C18) -> 279 | F18: =B18+C18 -> 525 | G18: =F18*26 -> 13650 | H18: 9000 | I18: 1000 | J18: 7 | K18: 4 | L18: =52/K18 -> 13 | M18: =MAX(F18*(K18/2),I18) -> 1050 | N18: Sí | O18: =(E18-D18)/7*J18 -> 16.5 | P18: =$C$5*D18 -> 39.375 | Q18: =IF(N18="Sí",P18,O18) -> 39.375 | R18: =D18/7 -> 37.5 | S18: =R18*J18+Q18 -> 301.875 | T18: =S18/M18 -> 0.2875 | U18: =0.5*M18*$C$4*H18 -> 1039500 | V18: =Q18*$C$4*H18 -> 77962.5 | W18: =H18*G18 -> 122850000 | X18: =$C$7*L18 -> 236363.66 | Y18: =U18+V18+W18+X18 -> 1.2420383e+08 | Z18: =F18*(K18/2) -> 1050 | AA18: =IF(I18>=Z18,"Mínimo del proveedor (evita pagar $110.000 de flete)","Consumo del período (ya supera el mínimo)") -> Consumo del período (ya supera el mínimo)
A19: Chips de chocolate | B19: 58 | C19: 459 | D19: =AVERAGE(B19:C19) -> 258.5 | E19: =MAX(B19:C19) -> 459 | F19: =B19+C19 -> 517 | G19: =F19*26 -> 13442 | H19: 5234 | I19: 500 | J19: 7 | K19: 2 | L19: =52/K19 -> 26 | M19: =MAX(F19*(K19/2),I19) -> 517 | N19: No | O19: =(E19-D19)/7*J19 -> 200.5 | P19: =$C$5*D19 -> 38.775 | Q19: =IF(N19="Sí",P19,O19) -> 200.5 | R19: =D19/7 -> 36.928571 | S19: =R19*J19+Q19 -> 459 | T19: =S19/M19 -> 0.88781431 | U19: =0.5*M19*$C$4*H19 -> 297657.58 | V19: =Q19*$C$4*H19 -> 230871.74 | W19: =H19*G19 -> 70355428 | X19: =$C$7*L19 -> 472727.32 | Y19: =U19+V19+W19+X19 -> 71356685 | Z19: =F19*(K19/2) -> 517 | AA19: =IF(I19>=Z19,"Mínimo del proveedor (evita pagar $110.000 de flete)","Consumo del período (ya supera el mínimo)") -> Consumo del período (ya supera el mínimo)
A20: TOTAL | U20: =SUM(U11:U19) -> 4320881.2 | V20: =SUM(V11:V19) -> 770873.36 | W20: =SUM(W11:W19) -> 756375620 | X20: =SUM(X11:X19) -> 3612987.4 | Y20: =SUM(Y11:Y19) -> 7.6508036e+08
A23: Referencias
A24: Celdas en azul: valores de entrada (editables).
A25: Celdas en negro: fórmulas (se recalculan solas).
A26: Lote Óptimo = MAX(Consumo del período según frecuencia ; Mínimo del proveedor). Justificación: si el pedido no llega al mínimo pactado, el proveedor cobra $110.000 de flete por viaje — un monto muy superior a cualquier ahorro de mantenimiento de stock. Por eso, en las materias primas donde el consumo del período no alcanza el mínimo, SIEMPRE se pide el mínimo (nunca menos), y así se evita pagar esa penalidad. Ver columna AA fila por fila.
A27: Punto de Reorden = Consumo diario promedio × Tp + SS final.
A28: SS método Cmax-Cprom calculado con datos de sólo 2 semanas; se usa el ajuste manual (15%) para las 4 MP donde ese método subestimaba el riesgo real.

Sheet Comparación Mínimo vs Penalidad
A1: ¿Cuánto sale más caro no llegar al mínimo del proveedor? — Política adoptada vs. incumplir el mínimo
A3: Política A (adoptada): se pide siempre al menos el mínimo del proveedor, ajustando la frecuencia. Política B (hipotética): se pide cada 2 semanas exactamente el consumo real, aunque no llegue al mínimo, pagando $110.000 de flete cada vez que eso ocurre.
A6: Materia Prima | B6: Consumo bisemanal (kg) | C6: Mínimo proveedor (kg) | D6: Costo unitario Cu ($/kg) | E6: Lote Política A (kg) | F6: Frecuencia A (semanas) | G6: N pedidos/año (A) | H6: Calm A ($) | I6: Cadq A ($) | J6: Costo A ($/año) | K6: N pedidos/año (B, cada 2 sem) | L6: Calm B ($) | M6: Cadq B ($) | N6: ¿Incumple mínimo? | O6: N° penalizaciones /año (B) | P6: Costo penalidad B ($) | Q6: Costo B ($/año) | R6: Diferencia ($/año) | S6: % más caro (B vs A)
A7: ='Lote Óptimo MP'!A11 -> Fécula de maíz | B7: ='Lote Óptimo MP'!F11 -> 4647 | C7: ='Lote Óptimo MP'!I11 -> 5000 | D7: ='Lote Óptimo MP'!H11 -> 850 | E7: ='Lote Óptimo MP'!M11 -> 5000 | F7: ='Lote Óptimo MP'!K11 -> 2 | G7: =52/F7 -> 26 | H7: =0.5*E7*'Lote Óptimo MP'!$C$4*D7 -> 467500 | I7: ='Lote Óptimo MP'!$C$7*G7 -> 472727.32 | J7: =H7+I7 -> 940227.32 | K7: 26 | L7: =0.5*B7*'Lote Óptimo MP'!$C$4*D7 -> 434494.5 | M7: ='Lote Óptimo MP'!$C$7*K7 -> 472727.32 | N7: =IF(B7<C7,"Sí","No") -> Sí | O7: =IF(N7="Sí",K7,0) -> 26 | P7: =O7*'Lote Óptimo MP'!$C$6 -> 2860000 | Q7: =L7+M7+P7 -> 3767221.8 | R7: =Q7-J7 -> 2826994.5 | S7: =IF(J7=0,0,R7/J7) -> 3.0067138
A8: ='Lote Óptimo MP'!A12 -> Harina de arroz | B8: ='Lote Óptimo MP'!F12 -> 3951 | C8: ='Lote Óptimo MP'!I12 -> 4000 | D8: ='Lote Óptimo MP'!H12 -> 700 | E8: ='Lote Óptimo MP'!M12 -> 4000 | F8: ='Lote Óptimo MP'!K12 -> 2 | G8: =52/F8 -> 26 | H8: =0.5*E8*'Lote Óptimo MP'!$C$4*D8 -> 308000 | I8: ='Lote Óptimo MP'!$C$7*G8 -> 472727.32 | J8: =H8+I8 -> 780727.32 | K8: 26 | L8: =0.5*B8*'Lote Óptimo MP'!$C$4*D8 -> 304227 | M8: ='Lote Óptimo MP'!$C$7*K8 -> 472727.32 | N8: =IF(B8<C8,"Sí","No") -> Sí | O8: =IF(N8="Sí",K8,0) -> 26 | P8: =O8*'Lote Óptimo MP'!$C$6 -> 2860000 | Q8: =L8+M8+P8 -> 3636954.3 | R8: =Q8-J8 -> 2856227 | S8: =IF(J8=0,0,R8/J8) -> 3.6584182
A9: ='Lote Óptimo MP'!A13 -> Aceite vegetal interesterificado | B9: ='Lote Óptimo MP'!F13 -> 2111 | C9: ='Lote Óptimo MP'!I13 -> 1920 | D9: ='Lote Óptimo MP'!H13 -> 4200 | E9: ='Lote Óptimo MP'!M13 -> 2111 | F9: ='Lote Óptimo MP'!K13 -> 2 | G9: =52/F9 -> 26 | H9: =0.5*E9*'Lote Óptimo MP'!$C$4*D9 -> 975282 | I9: ='Lote Óptimo MP'!$C$7*G9 -> 472727.32 | J9: =H9+I9 -> 1448009.3 | K9: 26 | L9: =0.5*B9*'Lote Óptimo MP'!$C$4*D9 -> 975282 | M9: ='Lote Óptimo MP'!$C$7*K9 -> 472727.32 | N9: =IF(B9<C9,"Sí","No") -> No | O9: =IF(N9="Sí",K9,0) -> 0 | P9: =O9*'Lote Óptimo MP'!$C$6 -> 0 | Q9: =L9+M9+P9 -> 1448009.3 | R9: =Q9-J9 -> 0 | S9: =IF(J9=0,0,R9/J9) -> 0
A10: ='Lote Óptimo MP'!A14 -> Azúcar | B10: ='Lote Óptimo MP'!F14 -> 2742 | C10: ='Lote Óptimo MP'!I14 -> 3000 | D10: ='Lote Óptimo MP'!H14 -> 981 | E10: ='Lote Óptimo MP'!M14 -> 3000 | F10: ='Lote Óptimo MP'!K14 -> 2 | G10: =52/F10 -> 26 | H10: =0.5*E10*'Lote Óptimo MP'!$C$4*D10 -> 323730 | I10: ='Lote Óptimo MP'!$C$7*G10 -> 472727.32 | J10: =H10+I10 -> 796457.32 | K10: 26 | L10: =0.5*B10*'Lote Óptimo MP'!$C$4*D10 -> 295889.22 | M10: ='Lote Óptimo MP'!$C$7*K10 -> 472727.32 | N10: =IF(B10<C10,"Sí","No") -> Sí | O10: =IF(N10="Sí",K10,0) -> 26 | P10: =O10*'Lote Óptimo MP'!$C$6 -> 2860000 | Q10: =L10+M10+P10 -> 3628616.5 | R10: =Q10-J10 -> 2832159.2 | S10: =IF(J10=0,0,R10/J10) -> 3.555946
A11: ='Lote Óptimo MP'!A15 -> Mermelada de batata | B11: ='Lote Óptimo MP'!F15 -> 875 | C11: ='Lote Óptimo MP'!I15 -> 800 | D11: ='Lote Óptimo MP'!H15 -> 2000 | E11: ='Lote Óptimo MP'!M15 -> 875 | F11: ='Lote Óptimo MP'!K15 -> 2 | G11: =52/F11 -> 26 | H11: =0.5*E11*'Lote Óptimo MP'!$C$4*D11 -> 192500 | I11: ='Lote Óptimo MP'!$C$7*G11 -> 472727.32 | J11: =H11+I11 -> 665227.32 | K11: 26 | L11: =0.5*B11*'Lote Óptimo MP'!$C$4*D11 -> 192500 | M11: ='Lote Óptimo MP'!$C$7*K11 -> 472727.32 | N11: =IF(B11<C11,"Sí","No") -> No | O11: =IF(N11="Sí",K11,0) -> 0 | P11: =O11*'Lote Óptimo MP'!$C$6 -> 0 | Q11: =L11+M11+P11 -> 665227.32 | R11: =Q11-J11 -> 0 | S11: =IF(J11=0,0,R11/J11) -> 0
A12: ='Lote Óptimo MP'!A16 -> Jarabe de glucosa | B12: ='Lote Óptimo MP'!F16 -> 628 | C12: ='Lote Óptimo MP'!I16 -> 180 | D12: ='Lote Óptimo MP'!H16 -> 1315 | E12: ='Lote Óptimo MP'!M16 -> 628 | F12: ='Lote Óptimo MP'!K16 -> 2 | G12: =52/F12 -> 26 | H12: =0.5*E12*'Lote Óptimo MP'!$C$4*D12 -> 90840.2 | I12: ='Lote Óptimo MP'!$C$7*G12 -> 472727.32 | J12: =H12+I12 -> 563567.52 | K12: 26 | L12: =0.5*B12*'Lote Óptimo MP'!$C$4*D12 -> 90840.2 | M12: ='Lote Óptimo MP'!$C$7*K12 -> 472727.32 | N12: =IF(B12<C12,"Sí","No") -> No | O12: =IF(N12="Sí",K12,0) -> 0 | P12: =O12*'Lote Óptimo MP'!$C$6 -> 0 | Q12: =L12+M12+P12 -> 563567.52 | R12: =Q12-J12 -> 0 | S12: =IF(J12=0,0,R12/J12) -> 0
A13: ='Lote Óptimo MP'!A17 -> Fécula de mandioca | B13: ='Lote Óptimo MP'!F17 -> 589 | C13: ='Lote Óptimo MP'!I17 -> 4000 | D13: ='Lote Óptimo MP'!H17 -> 1380 | E13: ='Lote Óptimo MP'!M17 -> 4123 | F13: ='Lote Óptimo MP'!K17 -> 14 | G13: =52/F13 -> 3.7142857 | H13: =0.5*E13*'Lote Óptimo MP'!$C$4*D13 -> 625871.4 | I13: ='Lote Óptimo MP'!$C$7*G13 -> 67532.474 | J13: =H13+I13 -> 693403.87 | K13: 26 | L13: =0.5*B13*'Lote Óptimo MP'!$C$4*D13 -> 89410.2 | M13: ='Lote Óptimo MP'!$C$7*K13 -> 472727.32 | N13: =IF(B13<C13,"Sí","No") -> Sí | O13: =IF(N13="Sí",K13,0) -> 26 | P13: =O13*'Lote Óptimo MP'!$C$6 -> 2860000 | Q13: =L13+M13+P13 -> 3422137.5 | R13: =Q13-J13 -> 2728733.6 | S13: =IF(J13=0,0,R13/J13) -> 3.9352731
A14: ='Lote Óptimo MP'!A18 -> Cacao alcalino | B14: ='Lote Óptimo MP'!F18 -> 525 | C14: ='Lote Óptimo MP'!I18 -> 1000 | D14: ='Lote Óptimo MP'!H18 -> 9000 | E14: ='Lote Óptimo MP'!M18 -> 1050 | F14: ='Lote Óptimo MP'!K18 -> 4 | G14: =52/F14 -> 13 | H14: =0.5*E14*'Lote Óptimo MP'!$C$4*D14 -> 1039500 | I14: ='Lote Óptimo MP'!$C$7*G14 -> 236363.66 | J14: =H14+I14 -> 1275863.7 | K14: 26 | L14: =0.5*B14*'Lote Óptimo MP'!$C$4*D14 -> 519750 | M14: ='Lote Óptimo MP'!$C$7*K14 -> 472727.32 | N14: =IF(B14<C14,"Sí","No") -> Sí | O14: =IF(N14="Sí",K14,0) -> 26 | P14: =O14*'Lote Óptimo MP'!$C$6 -> 2860000 | Q14: =L14+M14+P14 -> 3852477.3 | R14: =Q14-J14 -> 2576613.7 | S14: =IF(J14=0,0,R14/J14) -> 2.0195055
A15: ='Lote Óptimo MP'!A19 -> Chips de chocolate | B15: ='Lote Óptimo MP'!F19 -> 517 | C15: ='Lote Óptimo MP'!I19 -> 500 | D15: ='Lote Óptimo MP'!H19 -> 5234 | E15: ='Lote Óptimo MP'!M19 -> 517 | F15: ='Lote Óptimo MP'!K19 -> 2 | G15: =52/F15 -> 26 | H15: =0.5*E15*'Lote Óptimo MP'!$C$4*D15 -> 297657.58 | I15: ='Lote Óptimo MP'!$C$7*G15 -> 472727.32 | J15: =H15+I15 -> 770384.9 | K15: 26 | L15: =0.5*B15*'Lote Óptimo MP'!$C$4*D15 -> 297657.58 | M15: ='Lote Óptimo MP'!$C$7*K15 -> 472727.32 | N15: =IF(B15<C15,"Sí","No") -> No | O15: =IF(N15="Sí",K15,0) -> 0 | P15: =O15*'Lote Óptimo MP'!$C$6 -> 0 | Q15: =L15+M15+P15 -> 770384.9 | R15: =Q15-J15 -> 0 | S15: =IF(J15=0,0,R15/J15) -> 0
A18: Nota: Calm y Cadq son los únicos componentes que cambian según la política de pedido; Css y Citem no dependen de esto y quedan iguales en ambos escenarios (ver hoja 'Lote Óptimo MP').
A19: Las materias primas cuyo consumo bisemanal ya supera el mínimo del proveedor (Aceite vegetal, Mermelada de batata, Jarabe de glucosa, Chips de chocolate) no tienen diferencia: nunca caen por debajo del mínimo, así que Política A = Política B.
