Workbook

Sheet Galletitas ok
A1: Ventas al año 10 | B1: Año | C1: Dias activ | D1: semana | E1: prod x semana | F1: Turnos disponibles x semana | K1: Capacidad del horno | L1: 63
B2: 359000 | C2: 239 | D2: =+C2/5 -> 47.8 | E2: =+B2/D2 -> 7510.4603 | F2: 15 | K2: horas activas al año | M2: 5736
F3: =+E2/F2 -> 500.69735 | G3: kg /turno | K3: Capacidad | L3: kg/hr | M3: 76 | N3: kg hora
F4: =+F3/M10 -> 72.389978 | G4: kg/hora
K5: Horas disponibles | M5: 8 | N5: hr
F6: SEMANAS DE PRODUCCIÓN
B7: Año | C7: mes | D7: kg x semana | E7: Turnos / mes | F7: S1 | G7: S2 | H7: S3 | I7: S4 | K7: tiempo limpieza | M7: 20 | N7: min / turno
A8: Chocolate con chips picante 150gr. | B8: 101000 | C8: =+B8/12 -> 8416.6667 | D8: =+C8/4 -> 2104.1667 | E8: =+C8/$F$3 -> 16.809889 | F8: 8 | H8: 9 | J8: =+SUM(F8:I8) -> 17 | K8: descanso | M8: 15 | N8: min / turno
A9: Galletitas símil chocolinas free 150gr. | B9: 13000 | C9: =+B9/12 -> 1083.3333 | D9: =+C9/4 -> 270.83333 | E9: =+C9/$F$3 -> 2.163649 | F9: 1 | H9: 1 | J9: =+SUM(F9:I9) -> 2 | K9: Largada/ paradas NP | M9: 30 | N9: min / turno
A10: Galletitas símil chocolinas 150gr. | B10: 31000 | C10: =+B10/12 -> 2583.3333 | D10: =+C10/4 -> 645.83333 | E10: =+C10/$F$3 -> 5.1594708 | F10: 3 | H10: 2 | J10: =+SUM(F10:I10) -> 5 | M10: =+(M5*60-M7-M8-M9)/60 -> 6.9166667 | N10: hr disponible x turno
A11: Pepas chocolate y batata 150gr. | B11: 94000 | C11: =+B11/12 -> 7833.3333 | D11: =+C11/4 -> 1958.3333 | E11: =+C11/$F$3 -> 15.644847 | G11: 8 | I11: 8 | J11: =+SUM(F11:I11) -> 16
A12: Bizcochos sabor queso free 150gr. | B12: 13000 | C12: =+B12/12 -> 1083.3333 | D12: =+C12/4 -> 270.83333 | E12: =+C12/$F$3 -> 2.163649 | F12: 1 | H12: 1 | J12: =+SUM(F12:I12) -> 2 | L12: =+M3*M10 -> 525.66667 | M12: kg x turno
A13: Bizcochos sabor queso 150gr. | B13: 31000 | C13: =+B13/12 -> 2583.3333 | D13: =+C13/4 -> 645.83333 | E13: =+C13/$F$3 -> 5.1594708 | F13: 2 | H13: 2 | I13: 1 | J13: =+SUM(F13:I13) -> 5
A14: Polvorones free 150gr. | B14: 23000 | C14: =+B14/12 -> 1916.6667 | D14: =+C14/4 -> 479.16667 | E14: =+C14/$F$3 -> 3.8279944 | G14: 2 | I14: 2 | J14: =+SUM(F14:I14) -> 4
A15: Polvorones 150gr. | B15: 53000 | C15: =+B15/12 -> 4416.6667 | D15: =+C15/4 -> 1104.1667 | E15: =+C15/$F$3 -> 8.8210306 | G15: 5 | I15: 4 | J15: =+SUM(F15:I15) -> 9
F16: =+SUM(F8:F15) -> 15 | G16: =+SUM(G8:G15) -> 15 | H16: =+SUM(H8:H15) -> 15 | I16: =+SUM(I8:I15) -> 15 | J16: =+SUM(J8:J15) -> 60
B19: Cajas por turno | C19: =+F3/(18*0.15) -> 185.44346
B20: Cajas x pallet | C20: =D20 -> 105 | D20: =15*7 -> 105 | E20: =0.24*6 -> 1.44
B21: Pallets por turno | C21: =ROUND(+C19/C20,0) -> 2 | D21: =C21*15 -> 30
B22: Turnos x semana | C22: 15
B23: Pallets x semana | C23: =C21*C22 -> 30
B25: Pallets x semana galletitas | C25: =C23 -> 30
B26: Pallets x semana panificados | C26: ='Panificados ok'!F20 -> 10
B28: Total x semana | C28: =SUM(C25:C26) -> 40
B30: Altura del pallet | C30: 1.85
B31: Ancho del pallet | C31: 1
B32: Largo del pallet | C32: 1.2
B34: Ubicaciones x bateria | C34: 3 | E34: Alto | F34: 2
B35: Ubicaciones necesarias | C35: =C28 -> 40 | E35: Ancho | F35: 1.1 | G35: =(F35*C36)/2 -> 7.15
B36: Cantidad de baterias | C36: =ROUND(C35/C34,0) -> 13 | E36: Largo | F36: 1.3

Sheet Panificados ok
A1: Ventas al año 10 | B1: Año | C1: Dias activ | D1: semana | E1: prod x semana | L1: TURNO DISPONIBLES
A2: Pan de molde | B2: 118000 | C2: 239 | D2: =+C2/5 -> 47.8 | E2: =+B2/D2 -> 2468.6192 | L2: =3*5 -> 15 | M2: Turnos por semana
A3: Budin | B3: 202000 | C3: 239 | D3: =+C3/5 -> 47.8 | E3: =+B3/D3 -> 4225.9414 | F3: Turno x semana | G3: Kg x turno | H3: Kg x hora | L3: horas activas al año | N3: 5736
E4: =+SUM(E2:E3) -> 6694.5607 | F4: 15 | G4: =+$E$4/$F$4 -> 446.30404 | H4: =+G4/M10 -> 66.119118 | L4: Capacidad | M4: kg/hr | O4: kg hora
B6: Año | C6: mes | D6: kg x semana | E6: Turnos /mes | F6: S1 | G6: S2 | H6: S3 | I6: S4 | K6: Horas disponibles | M6: 8 | N6: hr
A7: Pan de molde 400gr. | B7: 118000 | C7: =+B7/12 -> 9833.3333 | D7: =+C7/4 -> 2458.3333 | E7: =+C7/$G$4 -> 22.032812 | F7: 6 | G7: 5 | H7: 6 | I7: 5 | J7: =+I7+H7+G7+F7 -> 22 | K7: tiempo limpieza | M7: 30 | N7: min / turno
A8: Budines vainilla/cítricos 180gr. | B8: 141000 | C8: =+B8/12 -> 11750 | D8: =+C8/4 -> 2937.5 | E8: =+C8/$G$4 -> 26.327344 | F8: 6 | G8: 7 | H8: 6 | I8: 7.5 | J8: =+I8+H8+G8+F8 -> 26.5 | K8: descanso | M8: 15 | N8: min / turno
A9: Budines chocolate 180gr. | B9: 61000 | C9: =+B9/12 -> 5083.3333 | D9: =+C9/4 -> 1270.8333 | E9: =+C9/$G$4 -> 11.389844 | F9: 3 | G9: 3 | H9: 3 | I9: 2.5 | J9: =+I9+H9+G9+F9 -> 11.5 | K9: Largada/ paradas NP | M9: 30 | N9: min / turno
E10: =+SUM(E7:E9) -> 59.75 | F10: =+SUM(F7:F9) -> 15 | G10: =+SUM(G7:G9) -> 15 | H10: =+SUM(H7:H9) -> 15 | I10: =+SUM(I7:I9) -> 15 | J10: =+J7+J8+J8 -> 75 | M10: =+(M6*60-M7-M8-M9)/60 -> 6.75 | N10: hr disponible x turno
A11: 12 | B11: 0.18 | C11: =+A11*B11 -> 2.16
A12: 6 | B12: 0.4 | C12: =+$A$12*$B$12 -> 2.4 | N12: kg x turno
F13: Lunes | G13: Martes | H13: Miércoles | I13: Jueves | J13: Viernes
F14: PAN | G14: BUDIN | H14: PAN | I14: BUDIN | J14: BUDIN
F15: PAN | G15: BUDIN | H15: PAN | I15: BUDIN | J15: BUDIN
F16: PAN | G16: BUDIN | H16: PAN | I16: BUDIN | J16: BUDIN
E17: Cajas x dia | F17: =+G4/C12 -> 185.96002 | G17: =+$G$4/$C$11 -> 206.62224 | H17: =+G4/C12 -> 185.96002 | I17: =+$G$4/$C$11 -> 206.62224 | J17: =+$G$4/$C$11 -> 206.62224
E18: Palets x dia | F18: =ROUND(+F17/'Galletitas ok'!C20,0) -> 2 | G18: =ROUND(+G17/'Galletitas ok'!C20,0) -> 2 | H18: =ROUND(+H17/'Galletitas ok'!C20,0) -> 2 | I18: =ROUND(+I17/'Galletitas ok'!C20,0) -> 2 | J18: =ROUND(+J17/105,0) -> 2
E20: Pallets x semana | F20: =SUM(F18:J18) -> 10

Sheet PANIFICADOS
A1: Ventas al año 10 | B1: Año | C1: Dias activ | D1: semana | E1: prod x semana | F1: Kg x turno | G1: turno x semana | L1: TURNO DISPONIBLES
A2: Pan de molde | B2: 118000 | C2: 239 | D2: =+C2/5 -> 47.8 | E2: =+B2/D2 -> 2468.6192 | F2: =+M12 -> 477.48 | G2: =+E2/F2 -> 5.1700998 | L2: =3*5 -> 15 | M2: Turnos por semana
A3: Budin | B3: 202000 | C3: 239 | D3: =+C3/5 -> 47.8 | E3: =+B3/D3 -> 4225.9414 | F3: =+M12 -> 477.48 | G3: =+E3/F3 -> 8.8505098 | L3: horas activas al año | N3: 5736
B4: =+SUM(B2:B3) -> 320000 | D4: =+SUM(D2:D3) -> 95.6 | E4: =+SUM(E2:E3) -> 6694.5607 | G4: =+G2+G3 -> 14.02061 | L4: Capacidad | M4: kg/hr | N4: 69 | O4: kg hora
C5: SEMANA 1/3
A6: Pan de molde | B6: TM | C6: Lunes | D6: Martes | E6: Miércoles | F6: Jueves | G6: Viernes | L6: Horas disponibles | N6: 8 | O6: hr
B7: TT | C7: PAN | D7: BUDIN | E7: PAN | F7: BUDIN | G7: BUDIN | L7: tiempo limpieza | N7: 30 | O7: min / turno
B8: TN | C8: PAN | D8: BUDIN | E8: PAN | F8: BUDIN | G8: BUDIN | L8: descanso | N8: 15 | O8: min / turno
A9: Budines vainilla | C9: PAN | D9: BUDIN | E9: PAN | F9: BUDIN | G9: BUDIN | L9: Largada/ paradas NP | N9: 30 | O9: min / turno
N10: =+N6-0.5-0.25-0.33 -> 6.92 | O10: hr disponible x turno
C11: SEMANA 2/4
C12: Lunes | D12: Martes | E12: Miércoles | F12: Jueves | G12: Viernes | M12: =+N4*N10 -> 477.48 | N12: kg x turno
C13: PAN | D13: BUDIN | E13: PAN | F13: BUDIN | G13: BUDIN
C14: PAN | D14: BUDIN | E14: PAN | F14: BUDIN | G14: BUDIN
C15: PAN | D15: BUDIN | E15: BUDIN | F15: BUDIN | G15: BUDIN

Sheet GALLETITAS (2)
A1: Ventas al año 10 | B1: Año | C1: Dias activ | D1: semana | E1: prod x semana | J1: Capacidad del horno | K1: 63
B2: 359000 | C2: 239 | D2: =+C2/5 -> 47.8 | E2: =+B2/D2 -> 7510.4603 | F2: =+E2/K11 -> 14.280613 | H2: 110 | I2: kg x hora | J2: horas activas al año | L2: 5736
B3: 469173 | D3: =+D2*7 -> 334.6 | F3: 12 | G3: turnos | H3: Frecuencia | J3: Capacidad | K3: kg/hr | L3: 76 | M3: kg hora | N3: 81.8
F4: 3 | G4: libres | H4: 15 dias | N4: =+N3*8 -> 654.4
E5: =+E2/15 -> 500.69735 | H5: 15 dias | J5: Horas disponibles | L5: 8 | M5: hr
E6: 6.9 | J6: tiempo limpieza | L6: 20 | M6: min / turno
E7: =E5/L9 -> 72.355108 | H7: 15 dias | J7: descanso | L7: 15 | M7: min / turno
G8: =+F8+F9 -> 0 | J8: Largada/ paradas NP | L8: 30 | M8: min / turno
L9: =+L5-0.5-0.25-0.33 -> 6.92 | M9: hr disponible x turno | O9: =+L9/8 -> 0.865
G10: =+F10+F11 -> 0
K11: =+L3*L9 -> 525.92 | L11: kg x turno
B13: LUNES | D13: MARTES | E13: MIÉRCOLES | F13: JUEVES | G13: VIERNES | J13: Info | L13: Stock 20 dias
A14: TM | B14: A | D14: A | E14: B | F14: B | G14: C | I14: A | J14: chocolinas free y normal | K14: 2 veces al mes | L14: 3 | M14: turnos
A15: TT | B15: A | D15: A | E15: B | F15: B | G15: C | I15: B | J15: Pepas | K15: 2 veces al mes | L15: 6 | M15: turnos
A16: TN | B16: A | D16: A | E16: B | F16: B | G16: C | I16: C | J16: Bizcochos | K16: 2 veces al mes | L16: 3 | M16: turnos
I17: D | J17: Polvorones | K17: 2 veces al mes | L17: 5 | M17: turnos
B18: SEMANA 2 | I18: E | J18: Chips | K18: 2 veces al mes | L18: 6 | M18: turnos
B19: LUNES | D19: MARTES | E19: MIÉRCOLES | F19: JUEVES | G19: VIERNES
A20: TM | B20: C | D20: D | E20: D | F20: E | G20: E
A21: TT | B21: C | D21: D | E21: D | F21: E | G21: E | J21: 20 dias de stock
A22: TN | B22: C | D22: D | E22: E | F22: E

Sheet GALLETITAS
A1: Ventas al año 10 | B1: Año | C1: mes | D1: semana x semana | E1: Cajas | I1: Capacidad del horno | J1: 94.6
B2: 359000 | C2: =+B2/12 -> 29916.667 | D2: =+C2/4 -> 7479.1667 | G2: 110 | H2: kg x hora
B3: Año | C3: mes | D3: kg x semana | G3: Frecuencia | I3: Turnos disponibles | J3: 3
A4: Chocolate con chips picante 150gr. | B4: 101000 | C4: =+B4/12 -> 8416.6667 | D4: =+C4/4 -> 2104.1667 | E4: =+C4/$J$9 -> 11.862814 | G4: 15 dias | I4: Horas disponibles por turno | J4: 7.5
A5: Galletitas símil chocolinas free 150gr. | B5: 13000 | C5: =+B5/12 -> 1083.3333 | D5: =+C5/4 -> 270.83333 | E5: =+C5/$J$9 -> 1.5268969 | F5: =+C5/2 -> 541.66667 | G5: 15 dias | I5: Hs disponibles por dia | J5: =+J4*J3 -> 22.5
A6: Galletitas símil chocolinas 150gr. | B6: 31000 | C6: =+B6/12 -> 2583.3333 | D6: =+C6/4 -> 645.83333 | E6: =+C6/$J$9 -> 3.6410618 | F6: =+C6/2 -> 1291.6667
A7: Pepas chocolate y batata 150gr. | B7: 94000 | C7: =+B7/12 -> 7833.3333 | D7: =+C7/4 -> 1958.3333 | E7: =+C7/$J$9 -> 11.040639 | G7: 15 dias | I7: Turnos disponibles x mes | J7: =3*5*4 -> 60
A8: Bizcochos sabor queso free 150gr. | B8: 13000 | C8: =+B8/12 -> 1083.3333 | D8: =+C8/4 -> 270.83333 | E8: =+C8/$J$9 -> 1.5268969 | F8: =+E8+E9 -> 5.1679587
A9: Bizcochos sabor queso 150gr. | B9: 31000 | C9: =+B9/12 -> 2583.3333 | D9: =+C9/4 -> 645.83333 | E9: =+C9/$J$9 -> 3.6410618 | I9: KG X TURNO | J9: =+J1*J4 -> 709.5
A10: Polvorones free 150gr. | B10: 23000 | C10: =+B10/12 -> 1916.6667 | D10: =+C10/4 -> 479.16667 | E10: =+C10/$J$9 -> 2.7014329 | F10: =+E10+E11 -> 8.926474
A11: Polvorones 150gr. | B11: 53000 | C11: =+B11/12 -> 4416.6667 | D11: =+C11/4 -> 1104.1667 | E11: =+C11/$J$9 -> 6.2250411
B13: LUNES | C13: MARTES | D13: MIÉRCOLES | E13: JUEVES | F13: VIERNES | I13: Info | K13: Stock 20 dias
A14: TM | B14: A | D14: B | E14: B | F14: C | H14: A | I14: chocolinas free y normal | J14: 2 veces al mes | K14: 3 | L14: turnos
A15: TT | B15: A | D15: B | E15: B | F15: C | H15: B | I15: Pepas | J15: 2 veces al mes | K15: 6 | L15: turnos
A16: TN | B16: A | D16: B | E16: B | F16: C | H16: C | I16: Bizcochos | J16: 2 veces al mes | K16: 3 | L16: turnos
H17: D | I17: Polvorones | J17: 2 veces al mes | K17: 5 | L17: turnos
B18: SEMANA 2 | H18: E | I18: Chips | J18: 2 veces al mes | K18: 6 | L18: turnos
B19: LUNES | C19: MARTES | D19: MIÉRCOLES | E19: JUEVES | F19: VIERNES
A20: TM | B20: C | C20: D | D20: D | E20: E | F20: E
A21: TT | B21: C | C21: D | D21: c | E21: E | F21: E | I21: 20 dias de stock
A22: TN | B22: C | C22: D | D22: E | E22: E
B24: SEMANA 1/3

Sheet Turno disponibñe
