Workbook

Sheet Ejercicio 1
A1: EJERCICIO 1
A2: SECCIONES | C2: DESPERDICIOS (litros)
C3: Recuperables | D3: No recuperables
A4: 1 | B4: Descascarado | C4: 0 | D4: 115 | E4: 2% del peso
A5: 2 | B5: Molido grueso | C5: 0 | D5: 0
A6: 3 | B6: Extrusión | C6: 0 | D6: 0
A7: 4 | B7: Prensado | C7: 0 | D7: 750 | E7: Sale aceite
A8: 5 | B8: Secado / Enfriado | C8: 0 | D8: 0
A9: 6 | B9: Molienda | C9: 0 | D9: 0
A10: 7 | B10: Empaquetado | C10: 0 | D10: 0
B13: Volumen total ingresado = | C13: =C22 -> 5865
B14: Consumo real MP = | C14: =C13 -> 5865
B15: % Desperdicio operativo = | C15: =(D29+E29)/F28 -> 0.173
B16: % Desperdicio real = | C16: =(E29)/F28 -> 0.173
A19: SECCIONES | C19: ALIMENTACION (Anual) | D19: DESPERDICIOS (Toneladas) | F19: PRODUCCIONES SECCIONALES (Tn/ Anual) | G19: PRODUCCIONES SECCIONALES (Kg/Anual)
D20: Recuperables | E20: No recuperables
A21: 1 | B21: Separador | C21: 5865 | D21: 0 | E21: 0 | F21: 5865 | G21: =F21*1000 -> 5865000
A22: 2 | B22: Descascarado | C22: =F22*1.02 -> 5865 | D22: 0 | E22: =0.02*F22 -> 115 | F22: =C23 -> 5750 | G22: =F22*1000 -> 5750000 | H22: 2% del peso
A23: 3 | B23: Molido grueso | C23: =F23 -> 5750 | D23: 0 | E23: 0 | F23: =C24 -> 5750 | G23: =F23*1000 -> 5750000
A24: 4 | B24: Extrusión | C24: =D24+E24+F24 -> 5750 | D24: 0 | E24: 0 | F24: =C25 -> 5750 | G24: =F24*1000 -> 5750000
A25: 5 | B25: Prensado | C25: =D25+E25+F25 -> 5750 | D25: 0 | E25: =0.15*F25 -> 750 | F25: =C26 -> 5000 | G25: =F25*1000 -> 5000000
A26: 6 | B26: Secado / Enfriado | C26: =F26 -> 5000 | D26: 0 | E26: 0 | F26: =C27 -> 5000 | G26: =F26*1000 -> 5000000
A27: 7 | B27: Molienda | C27: =F27+D27+E27 -> 5000 | D27: 0 | E27: 0 | F27: =C28 -> 5000 | G27: =F27*1000 -> 5000000
A28: 8 | B28: Empaquetado | C28: =F28+D28+E28 -> 5000 | D28: 0 | E28: 0 | F28: =I28 -> 5000 | G28: =F28*1000 -> 5000000 | I28: =5000 -> 5000 | J28: Toneladas anuales
A29: Totales | C29: =C22 -> 5865 | D29: =SUM(D22:D28) -> 0 | E29: =SUM(E22:E28) -> 865 | F29: =F28 -> 5000 | G29: =F29*1000 -> 5000000

Sheet Ejercicio 2 
A1: EJERCICIO 2
A2: Dias totales del año = | B2: 365
A3: Feriados del año = | B3: 10
A4: Vacaciones = | B4: 15
A5: Dias totales laborales = | B5: 340 | C5: 7 | D5: A la semana
A7: Equipos rotativos = | B7: 1
A8: Horas de cada turno = | B8: 8
A9: Turnos diarios = | B9: 2
A11: HORAS ACTIVAS/AÑO | B11: =B5*B8*B9 -> 5440 | C11: Horas
A12: HORAS/AÑO POR EQUIPO DE OPERARIOS | B12: =B11/B7 -> 5440 | C12: Horas

Sheet Ejercicio 3
A1: EJERCICIO 3
A2: SECCIONES OPERATIVAS | C2: CAPACIDAD TEORICA / MAQUINA X HORA | E2: HORAS ACTIVA / AÑO | F2: CAPACIDAD TEORICA / MAQUINA X AÑO | G2: RENDIMIENTO OPERATIVO | H2: CAPACIDAD REAL / MAQUINA X AÑO
A3: 1 | B3: Separador | C3: 8000 | D3: Kg/h | E3: ='Ejercicio 2 '!$B$11 -> 5440 | F3: =C3*E3 -> 43520000 | G3: 0.95 | H3: =F3*G3 -> 41344000
A4: 2 | B4: Descascarado | C4: =(150*1000)/24 -> 6250 | D4: Kg/h | E4: ='Ejercicio 2 '!$B$11 -> 5440 | F4: =C4*E4 -> 34000000 | G4: 0.95 | H4: =F4*G4 -> 32300000
A5: 3 | B5: Molido grueso | C5: 1000 | D5: Kg/h | E5: ='Ejercicio 2 '!$B$11 -> 5440 | F5: =C5*E5 -> 5440000 | G5: 0.95 | H5: =F5*G5 -> 5168000
A6: 4 | B6: Extrusión | C6: 1000 | D6: Kg/h | E6: ='Ejercicio 2 '!$B$11 -> 5440 | F6: =C6*E6 -> 5440000 | G6: 0.95 | H6: =F6*G6 -> 5168000
A7: 5 | B7: Prensado | C7: =(70*1000)/24 -> 2916.6667 | D7: Kg/h | E7: ='Ejercicio 2 '!$B$11 -> 5440 | F7: =C7*E7 -> 15866667 | G7: 0.95 | H7: =F7*G7 -> 15073333
A8: 6 | B8: Secado / Enfriado | C8: =10*1000 -> 10000 | D8: Kg/h | E8: ='Ejercicio 2 '!$B$11 -> 5440 | F8: =C8*E8 -> 54400000 | G8: 0.95 | H8: =F8*G8 -> 51680000
A9: 7 | B9: Molienda | C9: =4*1000 -> 4000 | D9: Kg/h | E9: ='Ejercicio 2 '!$B$11 -> 5440 | F9: =C9*E9 -> 21760000 | G9: 0.95 | H9: =F9*G9 -> 20672000
A10: 8 | B10: Empaquetado | C10: =(4*60)*50 -> 12000 | D10: Kg/h | E10: ='Ejercicio 2 '!$B$11 -> 5440 | F10: =C10*E10 -> 65280000 | G10: 0.95 | H10: =F10*G10 -> 62016000

Sheet Ejercicio 4 y 5
A1: EJERCICIO 4 Y 5
A2: SECCIONES OPERATIVAS | C2: PROGRAMA ANUAL DE PRODUCCION | D2: CAPACIDAD REAL/MAQXAÑO | E2: CANTIDAD MAQS NECESARIAS | F2: CAPACIDAD REAL/SECCION X AÑO | G2: APROVECHAMIENTO SECCIONAL (%)
A4: 1 | B4: Separador | C4: ='Ejercicio 1'!G21 -> 5865000 | D4: ='Ejercicio 3'!H3 -> 41344000 | E4: =ROUNDUP(C4/D4,0) -> 1 | F4: =D4*E4 -> 41344000 | G4: =(C4/F4) -> 0.14185855
A5: 2 | B5: Descascarado | C5: ='Ejercicio 1'!G22 -> 5750000 | D5: ='Ejercicio 3'!H4 -> 32300000 | E5: =ROUNDUP(C5/D5,0) -> 1 | F5: =D5*E5 -> 32300000 | G5: =(C5/F5) -> 0.17801858
A6: 3 | B6: Molido grueso | C6: ='Ejercicio 1'!G23 -> 5750000 | D6: ='Ejercicio 3'!H5 -> 5168000 | E6: =ROUNDUP(C6/D6,0) -> 2 | F6: =D6*E6 -> 10336000 | G6: =(C6/F6) -> 0.55630805
A7: 4 | B7: Extrusión | C7: ='Ejercicio 1'!G24 -> 5750000 | D7: ='Ejercicio 3'!H6 -> 5168000 | E7: =ROUNDUP(C7/D7,0) -> 2 | F7: =D7*E7 -> 10336000 | G7: =(C7/F7) -> 0.55630805
A8: 5 | B8: Prensado | C8: ='Ejercicio 1'!G25 -> 5000000 | D8: ='Ejercicio 3'!H7 -> 15073333 | E8: 2 | F8: =D8*E8 -> 30146667 | G8: =(C8/F8) -> 0.16585582 | H8: Si bien, en términos de capacidades, sólo resulta necesaria una prensa en la sección operativa, es recomendable el agregado de una adicional, minimizando el costo perdido por paradas de máquinas debido a desperfectos y obteniendo un mayor porcentaje de extracción
A9: 6 | B9: Secado / Enfriado | C9: ='Ejercicio 1'!G26 -> 5000000 | D9: ='Ejercicio 3'!H8 -> 51680000 | E9: =ROUNDUP(C9/D9,0) -> 1 | F9: =D9*E9 -> 51680000 | G9: =(C9/F9) -> 0.096749226
A10: 7 | B10: Molienda | C10: ='Ejercicio 1'!G27 -> 5000000 | D10: ='Ejercicio 3'!H9 -> 20672000 | E10: =ROUNDUP(C10/D10,0) -> 1 | F10: =D10*E10 -> 20672000 | G10: =(C10/F10) -> 0.24187307
A11: 8 | B11: Empaquetado | C11: ='Ejercicio 1'!G28 -> 5000000 | D11: ='Ejercicio 3'!H10 -> 62016000 | E11: =ROUNDUP(C11/D11,0) -> 1 | F11: =D11*E11 -> 62016000 | G11: =(C11/F11) -> 0.080624355

Sheet Ejercicio 6
A1: EJERCICIO 6 | H1: 345 | I1: días laborales
A2: Venta volúmen [Tn]
A3: Anual | C3: Mensual | H3: =(H1*12)/365 -> 11.342466 | I3: meses laborales
A4: 5000 | C4: =A4/H4 -> 434.78261 | H4: 11.5
A6: Mes | B6: Ritmo de producción al inicio | C6: Ritmo de producción al final | D6: Producción Prom. | E6: Producción Mensual Prom. | F6: Producción Propuesta
A7: 1 | B7: 0 | C7: 0.04 | D7: 0.02 | E7: =$C$4 -> 434.78261 | F7: =D7*E7 -> 8.6956522
A8: 2 | B8: 0.04 | C8: 0.16 | D8: 0.1 | E8: =E7 -> 434.78261 | F8: =D8*E8 -> 43.478261
A9: 3 | B9: 0.16 | C9: 1 | D9: 0.58 | E9: =E8 -> 434.78261 | F9: =D9*E9 -> 252.17391
E10: TOTAL = | F10: =SUM(F7:F9) -> 304.34783 | H10: Resto del año
B11: Año 1 | C11: Año 2 a 10 | H11: =B12-F10 -> 3695.6522
A12: Producción | B12: =F10+(11.5-3)*C4 -> 4000 | C12: =A4 -> 5000 | E12: RESTO DEL AÑO | F12: 3696

Sheet Ejercicio 7 y 8
A1: EJERCICIO 7 | G1: EJERCICIO 8
A2: Venta [Tn] | H2: Año 1 | I2: Año 2 a 10
A3: Anual | C3: Cuatrimestral | G3: Producción | H3: ='Ejercicio 6'!B12 -> 4000 | I3: ='Ejercicio 6'!C12 -> 5000
A4: 5000 | C4: =A4/4 -> 1250
G5: Ventas del año 1 = | H5: =H3-C7 -> 3375
A6: Volumen de produccion cuatrimestral = | C6: =C4 -> 1250 | D6: Tn | G6: Ventas del año 2 a 10 = | H6: =I3 -> 5000
A7: Stock promedio elaborados = | C7: =C6/2 -> 625 | D7: Tn
A10: Se opera sin la formación de un stock de seguridad

Sheet Ejercicio 9
A1: EJERCICIO 9
A2: Punto A
A3: Ciclo de elaboracion = | B3: 7 | C3: días
A4: Ciclos anuales = | B4: =ROUND(340/B3,0) -> 49 | C4: ciclos
A6: Periodo de puesta en marcha (3 meses) = | B6: ='Ejercicio 6'!F10*1.173 -> 357 | C6: con 17,3% de desperdicio
A7: Resto del año = | B7: ='Ejercicio 6'!H11*1.173 -> 4335 | C7: con 17,3% de desperdicio
A8: total materia prima para la producción | B8: =B7+B6 -> 4692
A9: Produccion año 1 = | B9: ='Ejercicio 6'!B12 -> 4000
A10: Desperdicio no recuperable = | B10: =B8-B9 -> 692
A12: Punto B
A13: Cantidad de ciclos productivos = | B13: =B4 -> 49 | C13: ciclos
A14: Vol. Anual / días año * longitud proceso = | B14: ='Ejercicio 1'!C22/340*'Ejercicio 2 '!C5 -> 120.75 | C14: Tn
A16: Desglose por ciclo productivo (en régimen)
A17: Producto elaborado = | B17: MP / Coef desperdicio operativo = | D17: =B14/1.173 -> 102.94118 | F17: Coef Desp Operativo (Ej1) = 17.3%
A18: Desperdicio no recuperable = | B18: MP * % Desperdicio real = | D18: =D17*1.173 -> 120.75 | F18: Desperdicio Real (Ej1) = 17.3%
A19: Desperdicio recuperable = | B19: MP * % Recuperable = | D19: 0 | F19: Recuperable (Ej1) = 0%
C20: TOTAL = | D20: =SUM(D17:D19) -> 223.69118
A22: Punto C
A23: Consumo total MP año 1 = MP Produccion + MP Mercaderia en curso y SE = | C23: =D20+B6+B7 -> 4915.6912 | D23: Tn
A25: Punto D
A26: Consumo MP años 2 a 10 = | B26: ='Ejercicio 1'!C22*1.1 -> 6451.5 | C26: Tn

Sheet Ejercicio 10
A1: EJERCICIO 10
A2: Al final del mes | B2: Stock | C2: Compras | E2: Total de compras anuales= | F2: ='Ejercicio 9'!B26 -> 6451.5 | G2: Tn | I2: =340/365 -> 0.93150685
A3: Enero | B3: - | C3: - | E3: 12 Compras por año= | F3: =F2/I3 -> 577.15625 | G3: Tn | I3: =12*I2 -> 11.178082
A4: Febrero | B4: - | C4: - | E4: Consumo mensual= | F4: =F3 -> 577.15625 | G4: Tn
A5: Marzo | B5: =F3*3 -> 1731.4688 | C5: =B5 -> 1731.4688
A6: Abril | B6: - | C6: =B6 -> -
A7: Mayo | B7: - | C7: =B7 -> - | E7: El período de tiempo entre siembra y cosecha son 3 meses
A8: Junio | B8: =B5 -> 1731.4688 | C8: =B8 -> 1731.4688
A9: Julio | B9: - | C9: =B9 -> -
A10: Agosto | B10: - | C10: =B10 -> -
A11: Septiembre | B11: =B8 -> 1731.4688 | C11: =B11 -> 1731.4688
A12: Octubre | B12: - | C12: =B12 -> -
A13: Noviembre | B13: - | C13: =B13 -> -
A14: Diciembre | B14: =B11 -> 1731.4688 | C14: =B14 -> 1731.4688

Sheet Ejercicio 11
A1: EJERCICIO 11
B2: U. de medida | C2: Período Instalación | D2: Año 1 | E2: Año 2 a 10
A3: Ventas | B3: t. PT | C3: 0 | D3: ='Ejercicio 7 y 8'!H5 -> 3375 | E3: ='Ejercicio 7 y 8'!H6 -> 5000
A4: Stock Promedio de elaborados | B4: t. PT | C4: 0 | D4: ='Ejercicio 7 y 8'!C7 -> 625 | E4: ='Ejercicio 7 y 8'!C7 -> 625
A5: Producción | B5: t. MP | C5: 0 | D5: ='Ejercicio 6'!B12 -> 4000 | E5: ='Ejercicio 6'!C12 -> 5000
A6: Desperdicio No Recuperables | B6: t. MP | C6: 0 | D6: ='Ejercicio 9'!B10 -> 692 | E6: ='Ejercicio 9'!D18 -> 120.75
A7: En Curso y Semielaborados | B7: t. MP | C7: 0 | D7: ='Ejercicio 9'!D20 -> 223.69118 | E7: ='Ejercicio 9'!D20 -> 223.69118
A8: Consumo de MP | B8: t. MP | C8: 0 | D8: ='Ejercicio 9'!C23 -> 4915.6912 | E8: ='Ejercicio 9'!B26 -> 6451.5
A9: Stock de MP | B9: t. MP | C9: ='Ejercicio 10'!F4*3 -> 1731.4688 | D9: =AVERAGE('Ejercicio 10'!B3:B14) -> 1731.4688 | E9: =D9 -> 1731.4688
A10: Compra de MP | B10: t. MP | C10: =C9 -> 1731.4688 | D10: =D8 -> 4915.6912 | E10: =E8 -> 6451.5
