Workbook

Sheet 1. Resumen Ejecutivo
B2: PLANTA DE ALIMENTOS LIBRES DE GLUTEN (CELI)
B3: Proyecto Final de Ingeniería Industrial - UTN FRBA | Articulación Dinámica PCP vs. Layout
B4: REFERENCIA DE FORMATO: | C4: Parámetro Configurable (Modificable) | E4: Fórmula Automática / Vinculada
B6: 1. OBJETIVO DEL ESTUDIO TÉCNICO-LOGÍSTICO
B7: El presente modelo articula los datos maestros de Planeamiento y Control de la Producción (PCP), balance de masa (BOM) y dimensionamiento de equipos al Año 10 con la distribución en planta (Layout).
B8: Todas las hojas se encuentran 100% vinculadas dinámicamente: cualquier modificación en la demanda, baches o rendimientos del PCP impacta de forma automática en los stocks, frecuencias y horas de traslado del layout.
B10: 2. INDICADORES MAESTROS DE PLANTA (VINCULADOS AL PCP Y LAYOUT)
B12: PRODUCCIÓN TOTAL AÑO 10 | E12: RÉGIMEN OPERATIVO | H12: SALIDA POR TURNO
B13: ='2. PCP - Programa & Lotes'!F20 | E13: 239 días / 3 turnos | H13: ='2. PCP - Programa & Lotes'!J20
B14: kg PT / año | Línea A: Galletitas | Línea B: Panificados | E14: 5.736 hs activas/año (15 turnos/sem) | H14: kg PT / turno | Promedio ponderado total planta
B16: PALLETS A EXPEDICIÓN | E16: POLÍTICA DE STOCK PT | H16: HORAS TRASLADO / TURNO
B17: ='4. Dimensionamiento Stocks'!C9 | E17: ='4. Dimensionamiento Stocks'!C10 | H17: ='3. Cuantificación Frecuencias'!N27
B18: pallets / semana | Galletitas: 30 pal/sem | Panif: 10 pal/sem | E18: días hábiles | Capacidad: 160 posiciones de rack | H18: hs / turno | Tiempo total en movimientos internos
B21: 3. METODOLOGÍA DE ARTICULACIÓN DINÁMICA ENTRE HOJAS
B23: Etapa Metodológica | C23: Descripción y Justificación Técnica | D23: Solapa de Referencia
B24: PASO 1: PCP MAESTRO (ENTRADA) | C24: Cálculo de turnos por SKU, batches por hora y masa a preparar según rendimientos del BOM. | D24: Solapa: 2. PCP - Programa & Lotes
B25: PASO 2: CUANTIFICACIÓN DE FRECUENCIAS | C25: Análisis detallado tramo por tramo (pesos, velocidades, tiempos de maniobra y cálculo dinámico de horas). | D25: Solapa: 3. Cuantificación Frecuencias
B26: PASO 3: DIMENSIONAMIENTO DE STOCKS | C26: Cálculo automático de posiciones de racks PT (160 pal), MP (52 pal) y pulmones WIP alimentado por el PCP. | D26: Solapa: 4. Dimensionamiento Stocks
B27: PASO 4: MATRIZ DESDE-HASTA (VIAJES Y MASA) | C27: Matrices 18x18 con nombres de sectores en horizontal vinculadas a la solapa de cuantificación de frecuencias. | D27: Solapas: 5. Desde-Hasta (Viajes) / 6. (Masa)
B28: PASO 5: EVALUACIÓN Y OPTIMIZACIÓN CAD | C28: Cálculo del Momento de Transporte Ponderado (M = fij * dij y M_peso = fij * dij * peso) cruzando distancias CAD. | D28: Solapa: 7. Carga-Distancia & Horas

Sheet 2. PCP - Programa & Lotes
B2: PLANEAMIENTO Y CONTROL DE PRODUCCIÓN (PCP) - AÑO 10 (HOJA MAESTRA)
B3: Desglose por SKU, Programa Maestro (MPS), Batches de Producción y Régimen de Turnos
B4: REFERENCIA DE FORMATO: | C4: Parámetro Configurable (Modificable) | E4: Fórmula Automática / Vinculada
B6: 1. DESGLOSE DE PRODUCCIÓN POR PRODUCTO (MIX DE VENTAS AÑO 10)
B8: Línea | C8: Cód. | D8: Denominación del Producto | E8: Present. | F8: PT Anual (kg) | G8: % Mix | H8: PT Mensual (kg) | I8: PT Diario (kg) | J8: PT Turno (kg) | K8: Cajas / Turno | L8: Pallets / Sem | M8: Frecuencia / Campaña
B9: Línea A - Galletitas | C9: A001 | D9: Chocolate con chips picante | E9: 150g | F9: 101019.36 | G9: =F9/$F$20 | H9: =F9/12 | I9: =F9/239 | J9: =I9/3 | K9: =J9/(0.15*20) | L9: =(F9/47.8)/(0.15*20*105) | M9: Campaña quincenal (8-9 turnos/mes)
B10: Línea A - Galletitas | C10: A002 | D10: Galletitas símil chocolinas free | E10: 150g | F10: 13132.52 | G10: =F10/$F$20 | H10: =F10/12 | I10: =F10/239 | J10: =I10/3 | K10: =J10/(0.15*20) | L10: =(F10/47.8)/(0.15*20*105) | M10: Campaña quincenal (1-2 turnos/mes)
B11: Línea A - Galletitas | C11: A003 | D11: Galletitas símil chocolinas | E11: 150g | F11: 30642.71 | G11: =F11/$F$20 | H11: =F11/12 | I11: =F11/239 | J11: =I11/3 | K11: =J11/(0.15*20) | L11: =(F11/47.8)/(0.15*20*105) | M11: Campaña quincenal (2-3 turnos/mes)
B12: Línea A - Galletitas | C12: A004 | D12: Pepas chocolate y batata | E12: 150g | F12: 94284.9 | G12: =F12/$F$20 | H12: =F12/12 | I12: =F12/239 | J12: =I12/3 | K12: =J12/(0.15*20) | L12: =(F12/47.8)/(0.15*20*105) | M12: Campaña quincenal (8 turnos/mes)
B13: Línea A - Galletitas | C13: A005 | D13: Bizcochos sabor queso free | E13: 150g | F13: 13132.52 | G13: =F13/$F$20 | H13: =F13/12 | I13: =F13/239 | J13: =I13/3 | K13: =J13/(0.15*20) | L13: =(F13/47.8)/(0.15*20*105) | M13: Campaña quincenal (1-2 turnos/mes)
B14: Línea A - Galletitas | C14: A006 | D14: Bizcochos sabor queso | E14: 150g | F14: 30642.71 | G14: =F14/$F$20 | H14: =F14/12 | I14: =F14/239 | J14: =I14/3 | K14: =J14/(0.15*20) | L14: =(F14/47.8)/(0.15*20*105) | M14: Campaña quincenal (2-3 turnos/mes)
B15: Línea A - Galletitas | C15: A007 | D15: Polvorones free | E15: 150g | F15: 22729.36 | G15: =F15/$F$20 | H15: =F15/12 | I15: =F15/239 | J15: =I15/3 | K15: =J15/(0.15*20) | L15: =(F15/47.8)/(0.15*20*105) | M15: Campaña quincenal (2 turnos/mes)
B16: Línea A - Galletitas | C16: A008 | D16: Polvorones | E16: 150g | F16: 53035.16 | G16: =F16/$F$20 | H16: =F16/12 | I16: =F16/239 | J16: =I16/3 | K16: =J16/(0.15*20) | L16: =(F16/47.8)/(0.15*20*105) | M16: Campaña quincenal (4-5 turnos/mes)
B17: Línea B - Panificados | C17: B001 | D17: Pan de molde | E17: 400g | F17: 117855.92 | G17: =F17/$F$20 | H17: =F17/12 | I17: =F17/239 | J17: =I17/3 | K17: =J17/(0.4*10) | L17: =(F17/47.8)/(0.4*10*80) | M17: Lunes y Miércoles (TM, TT, TN)
B18: Línea B - Panificados | C18: B002 | D18: Budines vainilla / cítricos | E18: 180g | F18: 141427.2 | G18: =F18/$F$20 | H18: =F18/12 | I18: =F18/239 | J18: =I18/3 | K18: =J18/(0.18*20) | L18: =(F18/47.8)/(0.18*20*90) | M18: Martes, Jueves y Viernes
B19: Línea B - Panificados | C19: B003 | D19: Budines chocolate free | E19: 180g | F19: 60611.61 | G19: =F19/$F$20 | H19: =F19/12 | I19: =F19/239 | J19: =I19/3 | K19: =J19/(0.18*20) | L19: =(F19/47.8)/(0.18*20*90) | M19: Jueves y Viernes
B20: TOTAL GENERAL PLANTA CELI | F20: =SUM(F9:F19) | G20: =SUM(G9:G19) | H20: =SUM(H9:H19) | I20: =SUM(I9:I19) | J20: =SUM(J9:J19) | K20: =SUM(K9:K19) | L20: =SUM(L9:L19) | M20: 40 pallets / semana a régimen
B23: 2. PARÁMETROS OPERATIVOS DE PROCESO Y TAMAÑOS DE BATCH
B25: Parámetro Técnico / Operativo | C25: Línea A - Galletitas | D25: Línea B - Panificados | E25: Unidad | F25: Impacto en el Layout / Manejo de Materiales
B26: Salida PT Neta por Turno (kg) | C26: =SUM(J9:J16) | D26: =SUM(J17:J19) | E26: kg PT / turno | F26: Salida neta de producto terminado de cada línea
B27: Rendimiento Global de Proceso (%) | C27: 0.831 | D27: 0.809 | E27: % masa a PT | F27: Pérdidas de humedad, cocción y mermas (BOM)
B28: Masa total a preparar por turno | C28: =C26/C27 | D28: =D26/D27 | E28: kg masa / turno | F28: Flujo que ingresa a Pesado y Amasado/Batido
B29: Capacidad unitaria de máquina (Batea) | C29: 25 | D29: 45 | E29: kg / batch | F29: Amasadora HJ25B (25kg) vs. Batidora Moretti (45kg)
B30: Cantidad de Batches por Turno | C30: =ROUNDUP(C28/C29, 0) | D30: =ROUNDUP(D28/D29, 0) | E30: tandas / turno | F30: Define los viajes Pesado <-> Amasado en Desde-Hasta
B31: Capacidad de la Unidad Intermedia | C31: 25 | D31: 40.5 | E31: kg / unidad | F31: Batea volcable (25kg) vs. Carro 15 bandejas (40,5kg)
B32: Carros / Bateas por Turno en Proceso | C32: =ROUNDUP(C28/C31, 0) | D32: =ROUNDUP(D28/D31, 0) | E32: unid. rodantes / turno | F32: Tráfico pesado en hornos, fermentador y enfriamiento
B33: Tiempo de Residencia en Enfriado | C33: 15 | D33: 75 | E33: minutos | F33: Exige pulmón estático de 4 carros en Panificados
B34: Salida de Cajas Secundarias | C34: =SUM(K9:K16) | D34: =SUM(K17:K19) | E34: cajas / turno | F34: Flujo hacia mesa de encajonado manual
B35: Generación de Pallets PT | C35: =SUM(L9:L16)/15 | D35: =SUM(L17:L19)/15 | E35: pallets / turno | F35: Traslado con zorra hidráulica a depósito PT

Sheet 3. Cuantificación Frecuencias
B2: CUANTIFICACIÓN FINA DE FRECUENCIAS, VELOCIDADES Y TIEMPOS DE TRASLADO
B3: Desglose Operativo por Tramo, Medios de Manutención, Peso, Velocidad y Horas de Transporte por Turno
B4: REFERENCIA DE FORMATO: | C4: Parámetro Configurable (Modificable) | E4: Fórmula Automática / Vinculada
B6: N° Tramo | C6: Origen | D6: Destino | E6: Material / Carga Transportada | F6: Medio de Transporte | G6: Peso por Viaje (kg) | H6: Frecuencia f (viajes/turno) | I6: Flujo Masa (kg/turno) | J6: Distancia d (m) | K6: Velocidad v (m/min) | L6: Tiempo Maniobra (min) | M6: Tiempo por Ciclo (min) | N6: Horas Traslado (hs/turno) | O6: Esfuerzo Carga-Dist (kg·m/turno)
B7: TR-01 | C7: 1. Depósito MP | D7: 2. Sección Pesado | E7: Bolsas harinas, féculas, azúcar, aditivos | F7: Zorra hidráulica HELI BF25 | G7: 300 | H7: =ROUNDUP(('2. PCP - Programa & Lotes'!C28+'2. PCP - Programa & Lotes'!D28)/G7, 0) | I7: ='2. PCP - Programa & Lotes'!C28+'2. PCP - Programa & Lotes'!D28 | J7: 4.5 | K7: 36 | L7: 0.5 | M7: =IF(H7>0, (2*J7/K7) + L7, 0) | N7: =H7*M7/60 | O7: =H7*J7*G7
B8: TR-02 | C8: 2. Sección Pesado | D8: 3. Amasado G | E8: Insumos pesados fraccionados para amasadora | F8: Tachos / Contenedores rodantes | G8: 25 | H8: ='2. PCP - Programa & Lotes'!C30 | I8: ='2. PCP - Programa & Lotes'!C28 | J8: 3.5 | K8: 48 | L8: 0.3 | M8: =IF(H8>0, (2*J8/K8) + L8, 0) | N8: =H8*M8/60 | O8: =H8*J8*G8
B9: TR-03 | C9: 3. Amasado G | D9: 4. Moldeado G | E9: Amasijo volcado de amasadora a tolva | F9: Batea rodante volcable | G9: 25 | H9: ='2. PCP - Programa & Lotes'!C30 | I9: ='2. PCP - Programa & Lotes'!C28 | J9: 3 | K9: 42 | L9: 0.35 | M9: =IF(H9>0, (2*J9/K9) + L9, 0) | N9: =H9*M9/60 | O9: =H9*J9*G9
B10: TR-04 | C10: 4. Moldeado G | D10: 5. Horno Túnel G | E10: Galletitas crudas formadas | F10: Cinta transportadora continua [C] | G10: 0 | H10: 0 | I10: ='2. PCP - Programa & Lotes'!C28*0.98 | J10: 5 | K10: 60 | L10: 0 | M10: =IF(H10>0, (2*J10/K10) + L10, 0) | N10: =H10*M10/60 | O10: =H10*J10*G10
B11: TR-05 | C11: 5. Horno Túnel G | D11: 6. Cinta Enfriado G | E11: Galletitas cocidas calientes | F11: Cinta transportadora continua [C] | G11: 0 | H11: 0 | I11: ='2. PCP - Programa & Lotes'!C28*0.91 | J11: 6 | K11: 60 | L11: 0 | M11: =IF(H11>0, (2*J11/K11) + L11, 0) | N11: =H11*M11/60 | O11: =H11*J11*G11
B12: TR-06 | C12: 6. Cinta Enfriado G | D12: 7. Envasado 1° G | E12: Galletitas a temperatura ambiente | F12: Cinta inclinada de alimentación [C] | G12: 0 | H12: 0 | I12: ='2. PCP - Programa & Lotes'!C28*0.865 | J12: 4 | K12: 60 | L12: 0 | M12: =IF(H12>0, (2*J12/K12) + L12, 0) | N12: =H12*M12/60 | O12: =H12*J12*G12
B13: TR-07 | C13: 7. Envasado 1° G | D13: 8. Envasado 2° G | E13: Paquetes individuales de 150g a mesa manual | F13: Mesa contigua manual [L] | G13: 3 | H13: ='2. PCP - Programa & Lotes'!C34 | I13: ='2. PCP - Programa & Lotes'!C26 | J13: 2.5 | K13: 48 | L13: 0.05 | M13: =IF(H13>0, (2*J13/K13) + L13, 0) | N13: =H13*M13/60 | O13: =H13*J13*G13
B14: TR-08 | C14: 8. Envasado 2° G | D14: 17. Depósito PT | E14: Pallet Arlog conformado con 105 cajas | F14: Zorra hidráulica HELI BF25 | G14: 315 | H14: ='2. PCP - Programa & Lotes'!C35 | I14: ='2. PCP - Programa & Lotes'!C26 | J14: 5 | K14: 36 | L14: 0.75 | M14: =IF(H14>0, (2*J14/K14) + L14, 0) | N14: =H14*M14/60 | O14: =H14*J14*G14
B15: TR-09 | C15: 2. Sección Pesado | D15: 9. Batido Panif. | E15: Premezclas, huevo, aceite fraccionados | F15: Tachos / Contenedores rodantes | G15: 45 | H15: ='2. PCP - Programa & Lotes'!D30 | I15: ='2. PCP - Programa & Lotes'!D28 | J15: 5.5 | K15: 48 | L15: 0.35 | M15: =IF(H15>0, (2*J15/K15) + L15, 0) | N15: =H15*M15/60 | O15: =H15*J15*G15
B16: TR-10 | C16: 9. Batido Panif. | D16: 10. Dosificado P. | E16: Batido homogéneo volcado a tolva | F16: Batea rodante volcable | G16: 45 | H16: ='2. PCP - Programa & Lotes'!D30 | I16: ='2. PCP - Programa & Lotes'!D28 | J16: 3 | K16: 42 | L16: 0.35 | M16: =IF(H16>0, (2*J16/K16) + L16, 0) | N16: =H16*M16/60 | O16: =H16*J16*G16
B17: TR-11 | C17: 10. Dosificado P. | D17: 11. Fermentado P. | E17: Carros porta-bandejas con moldes (Pan) | F17: Carro con 15 bandejas (45x70) | G17: 27 | H17: ='2. PCP - Programa & Lotes'!D32 | I17: ='2. PCP - Programa & Lotes'!D28 | J17: 3 | K17: 42 | L17: 0.4 | M17: =IF(H17>0, (2*J17/K17) + L17, 0) | N17: =H17*M17/60 | O17: =H17*J17*G17
B18: TR-12 | C18: 11. Fermentado P. | D18: 12. Hornos Rotat. P. | E18: Carros leudados hacia hornos Pauna SIGMA | F18: Carro con 15 bandejas (45x70) | G18: 27 | H18: ='2. PCP - Programa & Lotes'!D32 | I18: ='2. PCP - Programa & Lotes'!D28 | J18: 4 | K18: 42 | L18: 0.4 | M18: =IF(H18>0, (2*J18/K18) + L18, 0) | N18: =H18*M18/60 | O18: =H18*J18*G18
B19: TR-13 | C19: 12. Hornos Rotat. P. | D19: 13. Enfriado P. | E19: Carros calientes a 180°C saliendo de cocción | F19: Carro con 15 bandejas (45x70) | G19: 35 | H19: ='2. PCP - Programa & Lotes'!D32 | I19: ='2. PCP - Programa & Lotes'!D28*0.87 | J19: 3.5 | K19: 36 | L19: 0.45 | M19: =IF(H19>0, (2*J19/K19) + L19, 0) | N19: =H19*M19/60 | O19: =H19*J19*G19
B20: TR-14 | C20: 13. Enfriado P. | D20: 14. Rebanado / Env 1° | E20: Bandejas frías hacia rebanadora y Flow-Pack | F20: Manual / Carro porta-bandejas | G20: 30 | H20: ='2. PCP - Programa & Lotes'!D32 | I20: ='2. PCP - Programa & Lotes'!D26 | J20: 4 | K20: 42 | L20: 0.35 | M20: =IF(H20>0, (2*J20/K20) + L20, 0) | N20: =H20*M20/60 | O20: =H20*J20*G20
B21: TR-15 | C21: 14. Rebanado Pan | D21: 15. Envasado 1° P. | E21: Pan rebanado agrupado hacia Flow-Pack | F21: Mesa contigua manual [L] | G21: 4 | H21: ='2. PCP - Programa & Lotes'!D34/2 | I21: ='2. PCP - Programa & Lotes'!D26*0.54 | J21: 2 | K21: 48 | L21: 0.05 | M21: =IF(H21>0, (2*J21/K21) + L21, 0) | N21: =H21*M21/60 | O21: =H21*J21*G21
B22: TR-16 | C22: 15. Envasado 1° P. | D22: 16. Envasado 2° P. | E22: Panes / Budines empaquetados hacia cajas | F22: Mesa contigua manual [L] | G22: 3.6 | H22: ='2. PCP - Programa & Lotes'!D34/2 | I22: ='2. PCP - Programa & Lotes'!D26 | J22: 2 | K22: 48 | L22: 0.05 | M22: =IF(H22>0, (2*J22/K22) + L22, 0) | N22: =H22*M22/60 | O22: =H22*J22*G22
B23: TR-17 | C23: 16. Envasado 2° P. | D23: 17. Depósito PT | E23: Pallet terminado enfardado con cajas | F23: Zorra hidráulica HELI BF25 | G23: 250 | H23: ='2. PCP - Programa & Lotes'!D35 | I23: ='2. PCP - Programa & Lotes'!D26 | J23: 5 | K23: 36 | L23: 0.75 | M23: =IF(H23>0, (2*J23/K23) + L23, 0) | N23: =H23*M23/60 | O23: =H23*J23*G23
B24: TR-18 | C24: Recirculación Mermas | D24: 2. Sección Pesado | E24: Recortes de masa y producto recuperable | F24: Tachos de reproceso | G24: 12 | H24: 4 | I24: ='2. PCP - Programa & Lotes'!C28*0.08 | J24: 8 | K24: 48 | L24: 0.3 | M24: =IF(H24>0, (2*J24/K24) + L24, 0) | N24: =H24*M24/60 | O24: =H24*J24*G24
B25: TR-19 | C25: Retorno Carros Vacíos | D25: 10. Dosificado P. | E25: Carros porta-bandejas limpios desocupados | F25: Carro vacío | G25: 15 | H25: ='2. PCP - Programa & Lotes'!D32 | I25: 0 | J25: 6 | K25: 48 | L25: 0.2 | M25: =IF(H25>0, (2*J25/K25) + L25, 0) | N25: =H25*M25/60 | O25: =H25*J25*G25
B26: TR-20 | C26: Evacuación Residuos | D26: 18. Lavado / Scrap | E26: Desechos no recuperables y limpieza | F26: Contenedor de residuos | G26: 20 | H26: 11 | I26: =('2. PCP - Programa & Lotes'!C28+'2. PCP - Programa & Lotes'!D28)*0.09 | J26: 10 | K26: 42 | L26: 0.4 | M26: =IF(H26>0, (2*J26/K26) + L26, 0) | N26: =H26*M26/60 | O26: =H26*J26*G26
B27: TOTALES DE PLANTA | H27: =SUM(H7:H26) | I27: =SUM(I7:I26) | N27: =SUM(N7:N26) | O27: =SUM(O7:O26)
B30: RESUMEN DE RECURSOS DE MANEJO DE MATERIALES
B31: Horas totales de traslado y manipulación por turno | C31: =N27 | D31: hs / turno | E31: Tiempo total que demandan los movimientos internos en cada turno de 8h
B32: Equivalente en Jornadas de Operario de Manutención | C32: =C31/8 | D32: operarios equiv. / turno | E32: Cantidad de operarios a tiempo completo dedicados al transporte interno
B33: Esfuerzo Total Carga-Distancia Ponderado por Masa | C33: =O27 | D33: kg · m / turno | E33: Indicador global de esfuerzo logístico interno (a minimizar en CAD)

Sheet 4. Dimensionamiento Stocks
B2: DIMENSIONAMIENTO DE ALMACENES Y STOCKS (PCP -> LAYOUT)
B3: Cálculo de Posiciones de Racks, Superficies de Depósitos (MP y PT) y Pulmones Intermedios (WIP)
B4: REFERENCIA DE FORMATO: | C4: Parámetro Configurable (Modificable) | E4: Fórmula Automática / Vinculada
B6: Parámetro de Dimensionamiento | C6: Valor / Fórmula | D6: Unidad | E6: Criterio Técnico / Normativa
B7: Salida semanal de Galletitas (PT) | C7: ='2. PCP - Programa & Lotes'!C35*15 | D7: pallets / sem | E7: Vinculado a PCP: Pallets/turno Galletitas * 15 turnos
B8: Salida semanal de Panificados (PT) | C8: ='2. PCP - Programa & Lotes'!D35*15 | D8: pallets / sem | E8: Vinculado a PCP: Pallets/turno Panificados * 15 turnos
B9: Total de Pallets generados por semana | C9: =C7+C8 | D9: pallets / sem | E9: Flujo total a absorber por el depósito PT
B10: Política de Cobertura de Stock PT | C10: 20 | D10: días hábiles | E10: Equivale a 4 semanas de producción a régimen (Fundamentado por SLA 98% y ciclo)
B11: Capacidad de Almacenamiento Requerida (PT) | C11: =C9*(C10/5) | D11: posiciones pallet | E11: Stock Máximo = Pallets/sem * Semanas de cobertura
B12: Tipo de Pallet Normalizado | C12: Arlog (1.200 x 1.000 mm) | D12: - | E12: Altura máxima con carga estibada: 1,85 m
B13: Configuración de Estanterías | C13: Racks Selectivos pesados | D13: - | E13: 3 niveles de altura (2 pallets por módulo de 2,70 m)
B14: Niveles de Estiba en Racks | C14: 3 | D14: niveles | E14: Altura de rack útil: aprox. 6,00 m
B15: Cantidad de Módulos de Racks en Planta | C15: =ROUNDUP(C11/(C14*2), 0) | D15: módulos dobles | E15: Cada módulo doble aloja 6 pallets (3 niveles x 2 pallets)
B16: Superficie Estática de Racks (Ss) | C16: =C15*2.7*1.1 | D16: m² | E16: Huella de las estructuras de almacenamiento
B17: Ancho de Pasillo para Autoelevador | C17: 3 | D17: metros | E17: Radio de giro y maniobra autoelevador eléctrico HELI ORME-CMM-16
B18: Área de Maniobra y Pasillos (Sg + Se) | C18: 95 | D18: m² | E18: Espacio para circulación y carga/descarga segura
B19: Área de Enfilmado, Picking y Dársena | C19: 25 | D19: m² | E19: Plato giratorio stretch + pulmón de precarga a camión
B20: SUPERFICIE TOTAL REQUERIDA DEPÓSITO PT | C20: =C16+C18+C19 | D20: m² | E20: Dimensión mínima a verificar en el archivo CAD
B22: Parámetro de Dimensionamiento | C22: Valor / Fórmula | D22: Unidad | E22: Criterio Técnico / Normativa
B23: Consumo semanal de MP (Galletitas) | C23: ='2. PCP - Programa & Lotes'!C28*15 | D23: kg / sem | E23: Vinculado a PCP: Masa/turno Galletitas * 15 turnos
B24: Consumo semanal de MP (Panificados) | C24: ='2. PCP - Programa & Lotes'!D28*15 | D24: kg / sem | E24: Vinculado a PCP: Masa/turno Panificados * 15 turnos
B25: Consumo total semanal de Materias Primas | C25: =C23+C24 | D25: kg / sem | E25: Aprox. 17,3 toneladas semanales de insumos
B26: Política de Cobertura de Stock MP | C26: 15 | D26: días hábiles | E26: 10 días de lote de compra + 5 días stock seguridad
B27: Capacidad de Almacenamiento MP Requerida | C27: =ROUNDUP((C25*(C26/5))/1000, 0) | D27: posiciones pallet | E27: Equivale a 3 semanas de consumo en racks (1000 kg/pal)
B28: Zona de Cuarentena y Muestreo Sin TACC | C28: 12 | D28: m² | E28: Área delimitada para control de gluten (<10 ppm)
B29: Superficie Estática de Racks MP (3 niveles) | C29: =ROUNDUP(C27/6, 0)*2.7*1.1 | D29: m² | E29: Estructura para almacenar las posiciones en 3 alturas
B30: Pasillo y Maniobra Autoelevador MP | C30: 45 | D30: m² | E30: Circulación y abastecimiento a Sección Pesado
B31: Dársena de Recepción y Descarga | C31: 15 | D31: m² | E31: Área bajo techo frente a portón de descarga
B32: SUPERFICIE TOTAL REQUERIDA DEPÓSITO MP | C32: =C28+C29+C30+C31 | D32: m² | E32: Dimensión mínima a verificar en el archivo CAD
B35: Sector / Buffer Intermedio | C35: Capacidad Física Requerida | D35: Superficie Estimada (m²) | E35: Justificación Operativa / Requisito Sanitario
B36: Pulmón de Carros de Enfriamiento (Panificados) | C36: 4 carros en paralelo | D36: 18 | E36: Carros calientes en reposo térmico (60-90 min) previo a envasado
B37: Pulmón de Fermentación (Pan de Molde) | C37: Cámara + 2 carros buffer | D37: 8.5 | E37: Carros cargados en espera de horneado
B38: Buffer de Palletizado (Envasado 2° Galletitas) | C38: 1 pallet conformando + 1 listo | D38: 6 | E38: Espacio para estiba manual y zorra hidráulica
B39: Buffer de Palletizado (Envasado 2° Panificados) | C39: 1 pallet conformando | D39: 4.5 | E39: Espacio para estiba de cajas multiproducto
B40: Pulmón de Bateas y Tachos Limpios (Lavado) | C40: Área de baches listos | D40: 6 | E40: Recipientes limpios en espera de fraccionamiento

Sheet 5. Desde-Hasta (Viajes)
B2: MATRIZ DESDE - HASTA DE FRECUENCIAS DE TRANSPORTE (fij)
B3: Frecuencia de Movimientos por Turno de 8 Horas al Año 10 (Viajes / Turno) - Cabeceras Horizontales y Fórmulas Vinculadas
B4: REFERENCIA DE FORMATO: | C4: Parámetro Configurable (Modificable) | E4: Fórmula Automática / Vinculada
B6: DESDE \ HASTA | C6: 1. Dep. MP | D6: 2. Pesado | E6: 3. Amasado | F6: 4. Moldeado | G6: 5. Horno G | H6: 6. Enfriado | I6: 7. Env 1° G | J6: 8. Env 2° G | K6: 9. Batido | L6: 10. Dosific. | M6: 11. Ferment. | N6: 12. Hornos R. | O6: 13. Enfriado | P6: 14. Reban. | Q6: 15. Env 1° P | R6: 16. Env 2° P | S6: 17. Dep. PT | T6: 18. Lav/Scrap | U6: SALIDAS
B7: 1. Depósito MP | C7: - | D7: ='3. Cuantificación Frecuencias'!H7 | U7: =SUM(C7:T7)
B8: 2. Sección Pesado | D8: - | E8: ='3. Cuantificación Frecuencias'!H8 | K8: ='3. Cuantificación Frecuencias'!H15 | U8: =SUM(C8:T8)
B9: 3. Amasado G | E9: - | F9: ='3. Cuantificación Frecuencias'!H9 | T9: 2 | U9: =SUM(C9:T9)
B10: 4. Moldeado G | D10: ='3. Cuantificación Frecuencias'!H24/2 | F10: - | G10: [C] | T10: 1 | U10: =SUM(C10:T10)
B11: 5. Horno Túnel G | G11: - | H11: [C] | U11: =SUM(C11:T11)
B12: 6. Cinta Enfriado G | D12: ='3. Cuantificación Frecuencias'!H24/4 | H12: - | I12: [C] | T12: 1 | U12: =SUM(C12:T12)
B13: 7. Envasado 1° G | D13: ='3. Cuantificación Frecuencias'!H24/4 | I13: - | J13: [L] | T13: 1 | U13: =SUM(C13:T13)
B14: 8. Envasado 2° G | J14: - | S14: ='3. Cuantificación Frecuencias'!H14 | T14: 1 | U14: =SUM(C14:T14)
B15: 9. Batido Panif. | K15: - | L15: ='3. Cuantificación Frecuencias'!H16 | T15: 1 | U15: =SUM(C15:T15)
B16: 10. Dosificado P. | L16: - | M16: ='3. Cuantificación Frecuencias'!H17 | T16: 1 | U16: =SUM(C16:T16)
B17: 11. Fermentado P. | M17: - | N17: ='3. Cuantificación Frecuencias'!H18 | U17: =SUM(C17:T17)
B18: 12. Hornos Rotat. P. | N18: - | O18: ='3. Cuantificación Frecuencias'!H19 | U18: =SUM(C18:T18)
B19: 13. Enfriado P. | O19: - | P19: ='3. Cuantificación Frecuencias'!H20/2 | Q19: ='3. Cuantificación Frecuencias'!H20/2 | U19: =SUM(C19:T19)
B20: 14. Rebanado Pan | P20: - | Q20: [L] | T20: 1 | U20: =SUM(C20:T20)
B21: 15. Envasado 1° P. | Q21: - | R21: [L] | T21: 1 | U21: =SUM(C21:T21)
B22: 16. Envasado 2° P. | R22: - | S22: ='3. Cuantificación Frecuencias'!H23 | T22: 1 | U22: =SUM(C22:T22)
B23: 17. Depósito PT | S23: - | U23: =SUM(C23:T23)
B24: 18. Lavado / Scrap | D24: ='3. Cuantificación Frecuencias'!H24 | L24: ='3. Cuantificación Frecuencias'!H25 | T24: - | U24: =SUM(C24:T24)
B25: ENTRADAS | C25: =SUM(C7:C24) | D25: =SUM(D7:D24) | E25: =SUM(E7:E24) | F25: =SUM(F7:F24) | G25: =SUM(G7:G24) | H25: =SUM(H7:H24) | I25: =SUM(I7:I24) | J25: =SUM(J7:J24) | ... U25: =SUM(U7:U24)
B28: REFERENCIAS DE TIPOS DE FLUJO
B29: [C] | C29: Flujo Mecánico Continuo | D29: Cinta de transporte automatizada en línea recta (Moldeado -> Horno Túnel -> Cinta Enfriado -> Envasadora Vertical). No genera tránsito en pasillos pero exige contigüidad física.
B30: [L] | C30: Flujo Local Adyacente | D30: Puestos de trabajo inmediatamente contiguos (Envasado 1° -> Mesa de encajonado manual / Rebanado -> Flow-Pack).
B31: Azul / Vinculado | C31: Flujo Vinculado a Solapa 3 | D31: Tramos de transporte calculados dinámicamente desde la hoja de cuantificación y PCP.
B32: Zorra / Carro | C32: Flujo Discontinuo Rodante | D32: Zorra hidráulica para pallets y carros porta-bandejas para panificados.

Sheet 6. Desde-Hasta (Flujo Masa)
B2: MATRIZ DESDE - HASTA DE BALANCE DE MASA (kg / Turno)
B3: Flujo Másico Neto Transportado por Turno de 8 Horas (Año 10) - Cabeceras Horizontales y Fórmulas Vinculadas
B4: REFERENCIA DE FORMATO: | C4: Parámetro Configurable (Modificable) | E4: Fórmula Automática / Vinculada
B6: DESDE \ HASTA | C6: 1. Dep. MP | D6: 2. Pesado | E6: 3. Amasado | F6: 4. Moldeado | G6: 5. Horno G | H6: 6. Enfriado | I6: 7. Env 1° G | J6: 8. Env 2° G | K6: 9. Batido | L6: 10. Dosific. | M6: 11. Ferment. | N6: 12. Hornos R. | O6: 13. Enfriado | P6: 14. Reban. | Q6: 15. Env 1° P | R6: 16. Env 2° P | S6: 17. Dep. PT | T6: 18. Lav/Scrap | U6: SALIDAS (kg)
B7: 1. Depósito MP | C7: - | D7: ='3. Cuantificación Frecuencias'!I7 | U7: =SUM(C7:T7)
B8: 2. Sección Pesado | D8: - | E8: ='3. Cuantificación Frecuencias'!I8 | K8: ='3. Cuantificación Frecuencias'!I15 | U8: =SUM(C8:T8)
B9: 3. Amasado G | E9: - | F9: ='3. Cuantificación Frecuencias'!I9 | U9: =SUM(C9:T9)
B10: 4. Moldeado G | D10: ='3. Cuantificación Frecuencias'!I24/4 | F10: - | G10: ='3. Cuantificación Frecuencias'!I10 | T10: ='3. Cuantificación Frecuencias'!I26/11 | U10: =SUM(C10:T10)
B11: 5. Horno Túnel G | G11: - | H11: ='3. Cuantificación Frecuencias'!I11 | U11: =SUM(C11:T11)
B12: 6. Cinta Enfriado G | D12: ='3. Cuantificación Frecuencias'!I24/4 | H12: - | I12: ='3. Cuantificación Frecuencias'!I12 | T12: ='3. Cuantificación Frecuencias'!I26/11 | U12: =SUM(C12:T12)
B13: 7. Envasado 1° G | D13: ='3. Cuantificación Frecuencias'!I24/2 | I13: - | J13: ='3. Cuantificación Frecuencias'!I13 | U13: =SUM(C13:T13)
B14: 8. Envasado 2° G | J14: - | S14: ='3. Cuantificación Frecuencias'!I14 | U14: =SUM(C14:T14)
B15: 9. Batido Panif. | K15: - | L15: ='3. Cuantificación Frecuencias'!I16 | U15: =SUM(C15:T15)
B16: 10. Dosificado P. | L16: - | M16: ='3. Cuantificación Frecuencias'!I17 | U16: =SUM(C16:T16)
B17: 11. Fermentado P. | M17: - | N17: ='3. Cuantificación Frecuencias'!I18 | U17: =SUM(C17:T17)
B18: 12. Hornos Rotat. P. | N18: - | O18: ='3. Cuantificación Frecuencias'!I19 | U18: =SUM(C18:T18)
B19: 13. Enfriado P. | O19: - | P19: ='3. Cuantificación Frecuencias'!I20*0.54 | Q19: ='3. Cuantificación Frecuencias'!I20*0.46 | U19: =SUM(C19:T19)
B20: 14. Rebanado Pan | P20: - | Q20: ='3. Cuantificación Frecuencias'!I21 | U20: =SUM(C20:T20)
B21: 15. Envasado 1° P. | Q21: - | R21: ='3. Cuantificación Frecuencias'!I22 | U21: =SUM(C21:T21)
B22: 16. Envasado 2° P. | R22: - | S22: ='3. Cuantificación Frecuencias'!I23 | U22: =SUM(C22:T22)
B23: 17. Depósito PT | S23: - | U23: =SUM(C23:T23)
B24: 18. Lavado / Scrap | T24: - | U24: =SUM(C24:T24)
B25: ENTRADAS (kg) | C25: =SUM(C7:C24) | D25: =SUM(D7:D24) | E25: =SUM(E7:E24) | F25: =SUM(F7:F24) | G25: =SUM(G7:G24) | H25: =SUM(H7:H24) | I25: =SUM(I7:I24) | J25: =SUM(J7:J24) | ... U25: =SUM(U7:U24)

Sheet 7. Carga-Distancia & Horas
B2: HERRAMIENTA DE EVALUACIÓN DE LAYOUT (CARGA - DISTANCIA Y HORAS)
B3: Cálculo del Momento de Transporte (M = fij * dij), Esfuerzo Ponderado (kg·m) y Horas de Mano de Obra
B4: REFERENCIA DE FORMATO: | C4: Parámetro Configurable (Modificable) | E4: Fórmula Automática / Vinculada
B6: 1. CENTROIDES Y COORDENADAS DEL PLANO AUTOCAD (MODIFICABLES)
B8: N° | C8: Sector / Máquina | D8: Línea | E8: Coord X (m) | F8: Coord Y (m) | G8: Superficie (m²) | H8: Estado en Layout CAD
B9: 1 | C9: Depósito MP e Insumos | D9: Común | E9: 4 | F9: 18 | G9: 95 | H9: Ubicado en cabecera de recepción
B10: 2 | C10: Sección Pesado / Fraccionamiento | D10: Común | E10: 8.5 | F10: 18 | G10: 12 | H10: Adyacente a Depósito MP
B11: 3 | C11: Amasado Galletitas (Amasadora HJ25B) | D11: Galletitas | E11: 12 | F11: 20 | G11: 6.5 | H11: Alimentación de línea A
B12: 4 | C12: Moldeado Galletitas (Ralem R800) | D12: Galletitas | E12: 15 | F12: 20 | G12: 4 | H12: Inicio de línea continua
B13: 5 | C13: Horno Túnel Galletitas (GD-BTOM10) | D13: Galletitas | E13: 20 | F13: 20 | G13: 12 | H13: Línea recta (6 x 1,3 m)
B14: 6 | C14: Cinta de Enfriado Galletitas | D14: Galletitas | E14: 26 | F14: 20 | G14: 11.5 | H14: Transferencia a envasado
B15: 7 | C15: Envasado 1° Galletitas (Zon Pack) | D15: Galletitas | E15: 30 | F15: 20 | G15: 7.5 | H15: Envasadora vertical
B16: 8 | C16: Envasado 2° Galletitas (Mesa manual) | D16: Galletitas | E16: 32.5 | F16: 20 | G16: 5 | H16: Encajonado y conformado pallet
B17: 9 | C17: Batido Panificados (Moretti Ultra 60) | D17: Panificados | E17: 12 | F17: 14 | G17: 8.5 | H17: Alimentación de línea B
B18: 10 | C18: Dosificado Panificados (Indurpack) | D18: Panificados | E18: 15 | F18: 14 | G18: 6.5 | H18: Carga de carros con bandejas
B19: 11 | C19: Fermentador Panes (NKF-36RS) | D19: Panificados | E19: 18 | F19: 14 | G19: 6.5 | H19: Cámara de leudado
B20: 12 | C20: Hornos Rotativos Pauna SIGMA (2 u.) | D20: Panificados | E20: 22 | F20: 14 | G20: 14 | H20: Batería de cocción por carros
... B26: 18 | C26: Lavado de Bateas y Gestión Scrap | D26: Servicios | E26: 8.5 | F26: 12 | G26: 15 | H26: Zona periférica limpia
B29: 2. ANÁLISIS DE INTENSIDAD DE TRÁFICO, MOMENTO DE TRANSPORTE Y HORAS DE TRASLADO
B31: Tramo | C31: Origen | D31: Destino | E31: Frecuencia f (viajes/turno) | F31: Distancia d (m) | G31: Peso/Viaje (kg) | H31: Momento M (viajes·m / turno) | I31: Esfuerzo Masa (kg·m / turno) | J31: Velocidad (m/min) | K31: Tiempo Maniobra (min) | L31: Horas Traslado (hs/turno) | M31: Nivel de Criticidad
B32: T01 | C32: 2. Sección Pesado | D32: 3. Amasado Galletitas | E32: ='5. Desde-Hasta (Viajes)'!E8 | F32: =ROUND(SQRT((E11-E10)^2+(F11-F10)^2), 1) | G32: ='3. Cuantificación Frecuencias'!G8 | H32: =E32*F32 | I32: =H32*G32 | J32: ='3. Cuantificación Frecuencias'!K8 | K32: ='3. Cuantificación Frecuencias'!L8 | L32: =E32*((2*F32/J32)+K32)/60 | M32: CRÍTICO (Alta Frecuencia)
B33: T02 | C33: 3. Amasado Galletitas | D33: 4. Moldeado Galletitas | E33: ='5. Desde-Hasta (Viajes)'!F9 | F33: =ROUND(SQRT((E12-E11)^2+(F12-F11)^2), 1) | G33: ='3. Cuantificación Frecuencias'!G9 | H33: =E33*F33 | I33: =H33*G33 | J33: ='3. Cuantificación Frecuencias'!K9 | K33: ='3. Cuantificación Frecuencias'!L9 | L33: =E33*((2*F33/J33)+K33)/60 | M33: CRÍTICO (Alta Frecuencia)
B34: T03 | C34: 2. Sección Pesado | D34: 9. Batido Panificados | E34: ='5. Desde-Hasta (Viajes)'!K8 | F34: =ROUND(SQRT((E17-E10)^2+(F17-F10)^2), 1) | G34: ='3. Cuantificación Frecuencias'!G15 | H34: =E34*F34 | I34: =H34*G34 | J34: ='3. Cuantificación Frecuencias'!K15 | K34: ='3. Cuantificación Frecuencias'!L15 | L34: =E34*((2*F34/J34)+K34)/60 | M34: ALTO
B35: T04 | C35: 9. Batido Panificados | D35: 10. Dosificado Panif. | E35: ='5. Desde-Hasta (Viajes)'!L15 | F35: =ROUND(SQRT((E18-E17)^2+(F18-F17)^2), 1) | G35: ='3. Cuantificación Frecuencias'!G16 | H35: =E35*F35 | I35: =H35*G35 | J35: ='3. Cuantificación Frecuencias'!K16 | K35: ='3. Cuantificación Frecuencias'!L16 | L35: =E35*((2*F35/J35)+K35)/60 | M35: ALTO
B36: T05 | C36: 10. Dosificado Panif. | D36: 11. Fermentador Panes | E36: ='5. Desde-Hasta (Viajes)'!M16 | F36: =ROUND(SQRT((E19-E18)^2+(F19-F18)^2), 1) | G36: ='3. Cuantificación Frecuencias'!G17 | H36: =E36*F36 | I36: =H36*G36 | J36: ='3. Cuantificación Frecuencias'!K17 | K36: ='3. Cuantificación Frecuencias'!L17 | L36: =E36*((2*F36/J36)+K36)/60 | M36: ALTO
B37: T06 | C37: 11. Fermentador Panes | D37: 12. Hornos Rotativos | E37: ='5. Desde-Hasta (Viajes)'!N17 | F37: =ROUND(SQRT((E20-E19)^2+(F20-F19)^2), 1) | G37: ='3. Cuantificación Frecuencias'!G18 | H37: =E37*F37 | I37: =H37*G37 | J37: ='3. Cuantificación Frecuencias'!K18 | K37: ='3. Cuantificación Frecuencias'!L18 | L37: =E37*((2*F37/J37)+K37)/60 | M37: ALTO
B38: T07 | C38: 12. Hornos Rotativos | D38: 13. Enfriado Panif. | E38: ='5. Desde-Hasta (Viajes)'!O18 | F38: =ROUND(SQRT((E21-E20)^2+(F21-F20)^2), 1) | G38: ='3. Cuantificación Frecuencias'!G19 | H38: =E38*F38 | I38: =H38*G38 | J38: ='3. Cuantificación Frecuencias'!K19 | K38: ='3. Cuantificación Frecuencias'!L19 | L38: =E38*((2*F38/J38)+K38)/60 | M38: CRÍTICO (Seguridad 180°C)
B39: T08 | C39: 13. Enfriado Panif. | D39: 14. Rebanado / Env 1° | E39: ='5. Desde-Hasta (Viajes)'!P19 | F39: =ROUND(SQRT((E22-E21)^2+(F22-F21)^2), 1) | G39: ='3. Cuantificación Frecuencias'!G20 | H39: =E39*F39 | I39: =H39*G39 | J39: ='3. Cuantificación Frecuencias'!K20 | K39: ='3. Cuantificación Frecuencias'!L20 | L39: =E39*((2*F39/J39)+K39)/60 | M39: MEDIO
B40: T09 | C40: 1. Depósito MP | D40: 2. Sección Pesado | E40: ='5. Desde-Hasta (Viajes)'!D7 | F40: =ROUND(SQRT((E10-E9)^2+(F10-F9)^2), 1) | G40: ='3. Cuantificación Frecuencias'!G7 | H40: =E40*F40 | I40: =H40*G40 | J40: ='3. Cuantificación Frecuencias'!K7 | K40: ='3. Cuantificación Frecuencias'!L7 | L40: =E40*((2*F40/J40)+K40)/60 | M40: MEDIO (Carga Pesada)
B41: T10 | C41: 8. Envasado 2° G | D41: 17. Depósito PT | E41: ='5. Desde-Hasta (Viajes)'!S14 | F41: =ROUND(SQRT((E25-E16)^2+(F25-F16)^2), 1) | G41: ='3. Cuantificación Frecuencias'!G14 | H41: =E41*F41 | I41: =H41*G41 | J41: ='3. Cuantificación Frecuencias'!K14 | K41: ='3. Cuantificación Frecuencias'!L14 | L41: =E41*((2*F41/J41)+K41)/60 | M41: BAJO (Pallets)
B42: T11 | C42: 16. Envasado 2° P | D42: 17. Depósito PT | E42: ='5. Desde-Hasta (Viajes)'!S22 | F42: =ROUND(SQRT((E25-E24)^2+(F25-F24)^2), 1) | G42: ='3. Cuantificación Frecuencias'!G23 | H42: =E42*F42 | I42: =H42*G42 | J42: ='3. Cuantificación Frecuencias'!K23 | K42: ='3. Cuantificación Frecuencias'!L23 | L42: =E42*((2*F42/J42)+K42)/60 | M42: BAJO (Pallets)
B43: TOTALES GENERALES | H43: =SUM(H32:H42) | I43: =SUM(I32:I42) | L43: =SUM(L32:L42) | M43: Minimizar en CAD
